Date,Temperature_C,Rainfall_mm,pH,Dissolved_Oxygen_mg_L,Groundwater_Level_m
2015-01-01,17.99,12.9,6.96,8.58,15.78
2015-01-02,20.16,5.12,7.23,8.25,15.83
2015-01-03,16.08,7.18,6.86,8.03,15.59
2015-01-04,14.99,7.07,7.09,9.73,16.06
2015-01-05,17.16,103.92,6.57,8.48,18.23
2015-01-06,17.62,8.48,6.81,8.47,15.99
2015-01-07,16.6,11.52,7.12,10.23,16.97
2015-01-08,17.51,20.3,7.26,8.24,15.49
2015-01-09,18.64,7.65,6.84,8.07,16.17
2015-01-10,18.28,12.83,7.27,8.57,15.98
2015-01-11,14.13,5.39,7.33,9.68,16.03
2015-01-12,18.84,8.83,7.09,9.1,17.79
2015-01-13,20.19,9.08,7.1,8.28,16.31
2015-01-14,14.39,9.26,7.31,8.79,15.91
2015-01-15,15.69,5.48,7.22,9.18,17.32
2015-01-16,17.82,6.24,7.09,9.4,16.74
2015-01-17,16.72,5.7,7.2,9.46,16.6
2015-01-18,12.07,6.51,7.1,9.52,16.94
2015-01-19,17.85,12.28,6.39,8.71,15.77
2015-01-20,15.32,5.23,6.7,8.64,16.79
2015-01-21,18.47,6.64,6.92,8.82,16.83
2015-01-22,19.1,13.6,6.66,8.19,17.45
2015-01-23,20.43,9.6,7.42,8.21,17.09
2015-01-24,21.09,5.1,7.26,8.72,16.06
2015-01-25,18.8,7.93,6.73,8.43,16.42
2015-01-26,17.07,11.47,7.17,9.47,18.55
2015-01-27,17.2,18.65,6.94,8.06,17.9
2015-01-28,20.51,18.64,6.74,8.76,17.78
2015-01-29,18.43,5.06,7.25,8.74,16.51
2015-01-30,20.14,6.52,7.4,8.11,16.37
2015-01-31,19.65,16.35,7.38,8.1,17.23
2015-02-01,15.44,6.68,6.77,9.4,17.4
2015-02-02,20.67,9.19,7.16,7.73,17.23
2015-02-03,16.4,5.15,7.29,8.8,17.91
2015-02-04,17.5,7.92,7.23,8.29,17.3
2015-02-05,19.91,12.14,7.03,8.62,17.15
2015-02-06,20.68,13.1,7.02,7.95,18.22
2015-02-07,20.46,14.97,6.82,8.47,18.12
2015-02-08,21.61,11.3,7.0,8.46,17.67
2015-02-09,16.52,5.59,6.55,,17.33
2015-02-10,15.33,14.17,7.11,8.73,18.53
2015-02-11,19.13,13.82,6.68,8.22,17.81
2015-02-12,19.18,9.67,6.8,7.57,17.79
2015-02-13,17.86,8.47,7.26,8.97,18.32
2015-02-14,16.88,6.02,6.9,9.69,18.3
2015-02-15,16.85,23.59,7.28,9.88,18.9
2015-02-16,16.44,7.64,6.85,9.08,18.44
2015-02-17,17.72,9.06,6.98,8.6,17.52
2015-02-18,22.94,57.99,6.57,8.24,19.83
2015-02-19,20.59,6.07,7.27,8.34,17.85
2015-02-20,21.18,10.14,7.04,8.07,19.04
2015-02-21,21.37,7.93,7.02,8.12,18.06
2015-02-22,21.87,5.14,6.86,8.0,17.83
2015-02-23,22.11,17.6,7.44,7.97,18.4
2015-02-24,21.42,14.87,6.79,7.46,17.44
2015-02-25,19.1,21.02,7.35,9.37,18.71
2015-02-26,19.73,18.97,7.08,8.27,18.87
2015-02-27,20.18,5.07,7.26,8.35,17.77
2015-02-28,24.6,8.57,7.32,8.64,17.33
2015-03-01,22.44,14.35,7.2,7.91,18.13
2015-03-02,16.83,18.12,7.53,9.12,19.28
2015-03-03,20.27,15.35,7.06,9.05,18.36
2015-03-04,19.93,5.52,7.41,7.49,18.96
2015-03-05,20.77,8.79,7.0,9.06,18.94
2015-03-06,22.49,7.82,7.03,8.08,18.46
2015-03-07,21.76,34.74,7.3,8.56,18.8
2015-03-08,26.3,12.14,7.12,8.47,19.16
2015-03-09,21.66,10.81,7.29,8.26,17.73
2015-03-10,24.07,5.49,6.46,7.14,18.12
2015-03-11,23.27,6.06,7.29,8.54,18.91
2015-03-12,23.66,19.73,6.96,8.72,18.38
2015-03-13,18.96,26.02,7.41,8.55,19.4
2015-03-14,19.33,5.35,6.82,8.57,18.78
2015-03-15,21.75,8.59,7.19,8.38,18.72
2015-03-16,24.21,10.78,6.66,8.25,17.92
2015-03-17,26.02,9.41,7.03,8.93,19.24
2015-03-18,22.55,146.57,7.29,8.99,21.61
2015-03-19,22.32,5.09,6.9,7.4,19.18
2015-03-20,25.09,7.57,6.96,7.75,19.17
2015-03-21,25.42,22.92,7.1,7.95,18.98
2015-03-22,23.03,28.48,6.5,8.76,18.02
2015-03-23,23.48,5.83,6.98,7.6,18.66
2015-03-24,25.35,8.85,6.91,7.74,18.12
2015-03-25,22.37,5.56,6.83,7.55,19.67
2015-03-26,24.25,172.68,6.32,7.73,21.46
2015-03-27,24.05,14.85,6.93,7.83,18.3
2015-03-28,23.86,10.78,6.31,8.94,18.34
2015-03-29,25.7,9.3,7.09,7.87,18.12
2015-03-30,21.47,6.88,7.06,8.03,18.02
2015-03-31,28.19,14.34,7.26,7.72,17.85
2015-04-01,28.0,8.39,7.16,7.26,17.45
2015-04-02,,7.64,7.57,7.11,19.91
2015-04-03,23.93,6.24,6.85,8.13,18.07
2015-04-04,25.91,5.71,6.98,7.62,18.72
2015-04-05,26.51,20.9,6.71,7.01,18.67
2015-04-06,24.32,7.35,7.17,7.25,18.32
2015-04-07,26.3,7.04,6.73,7.84,17.66
2015-04-08,24.61,7.46,7.01,8.54,18.2
2015-04-09,27.73,13.57,6.66,6.49,17.67
2015-04-10,27.35,15.65,6.94,7.95,18.09
2015-04-11,26.5,10.13,6.95,8.02,18.12
2015-04-12,25.49,6.08,6.87,8.1,19.44
2015-04-13,28.34,7.99,6.9,6.65,17.52
2015-04-14,22.99,13.26,6.89,8.36,18.44
2015-04-15,28.53,19.22,6.34,6.91,18.53
2015-04-16,27.68,10.81,6.88,7.82,18.37
2015-04-17,26.21,6.71,6.75,7.91,17.95
2015-04-18,28.22,7.51,7.1,7.54,17.56
2015-04-19,26.51,6.56,7.11,8.28,18.8
2015-04-20,28.35,6.74,7.56,6.78,18.41
2015-04-21,28.97,6.0,6.98,8.83,18.19
2015-04-22,28.01,12.16,7.22,7.3,18.32
2015-04-23,31.68,8.31,7.4,6.84,17.52
2015-04-24,28.16,10.37,7.33,7.61,17.64
2015-04-25,26.15,9.63,6.5,7.24,17.16
2015-04-26,27.62,6.53,7.5,7.61,17.51
2015-04-27,23.03,19.78,6.98,9.12,19.07
2015-04-28,28.01,5.54,6.67,8.99,17.8
2015-04-29,28.7,6.41,6.99,7.34,17.52
2015-04-30,28.72,9.99,6.84,7.5,18.49
2015-05-01,23.61,8.07,7.33,7.97,17.73
2015-05-02,26.21,11.2,6.77,8.35,18.53
2015-05-03,30.59,5.12,,7.18,17.57
2015-05-04,26.82,5.63,7.21,8.17,18.02
2015-05-05,28.66,11.62,7.35,7.93,17.4
2015-05-06,30.15,8.28,6.62,7.22,17.84
2015-05-07,28.2,10.35,6.58,7.04,18.29
2015-05-08,25.56,7.09,7.51,7.67,17.65
2015-05-09,29.76,18.5,7.33,7.34,17.5
2015-05-10,30.56,11.02,6.49,7.53,17.08
2015-05-11,30.08,6.13,7.1,7.59,16.79
2015-05-12,30.97,11.32,6.49,7.53,17.64
2015-05-13,33.59,6.16,7.3,6.22,16.18
2015-05-14,29.11,6.09,7.01,7.68,16.95
2015-05-15,29.24,7.04,6.58,7.09,17.53
2015-05-16,28.66,11.54,7.79,7.2,17.37
2015-05-17,29.51,9.12,7.04,8.12,16.94
2015-05-18,30.69,12.0,7.53,7.79,16.64
2015-05-19,32.12,6.91,7.29,6.92,16.67
2015-05-20,30.8,6.23,7.19,7.61,17.18
2015-05-21,32.15,12.07,7.32,7.25,15.95
2015-05-22,31.98,6.19,7.06,6.76,17.25
2015-05-23,31.13,16.88,7.2,7.86,16.77
2015-05-24,31.49,6.57,6.86,7.46,16.49
2015-05-25,33.89,5.41,6.73,7.83,16.64
2015-05-26,33.53,18.03,6.55,7.19,17.1
2015-05-27,30.51,8.92,7.42,7.23,17.23
2015-05-28,34.78,6.64,6.84,6.35,15.84
2015-05-29,29.69,445.26,6.77,6.56,24.61
2015-05-30,29.63,199.75,7.2,7.45,20.13
2015-05-31,36.46,59.14,6.8,7.44,18.08
2015-06-01,28.78,59.71,7.02,7.9,17.44
2015-06-02,30.99,223.85,6.95,7.21,20.35
2015-06-03,33.64,58.36,7.31,6.78,16.86
2015-06-04,36.83,93.39,7.28,6.64,17.99
2015-06-05,33.26,90.02,7.33,6.3,21.48
2015-06-06,34.0,84.25,6.71,7.45,19.07
2015-06-07,25.33,94.87,6.74,8.63,18.37
2015-06-08,29.07,155.45,7.14,8.06,20.14
2015-06-09,33.21,140.7,7.21,7.68,21.74
2015-06-10,31.15,156.38,7.14,7.2,19.28
2015-06-11,31.12,135.18,7.15,7.27,19.6
2015-06-12,34.18,248.66,6.55,7.46,20.85
2015-06-13,35.58,55.66,7.06,7.21,17.72
2015-06-14,35.05,184.43,6.57,7.08,20.37
2015-06-15,32.3,111.58,6.88,6.36,20.0
2015-06-16,31.75,152.61,7.04,7.51,20.07
2015-06-17,32.49,123.57,6.39,6.4,19.25
2015-06-18,30.32,129.19,6.95,8.03,20.52
2015-06-19,32.37,193.78,6.66,6.65,22.71
2015-06-20,34.64,63.07,6.94,7.07,17.27
2015-06-21,34.77,82.05,6.9,7.16,18.88
2015-06-22,34.31,143.15,7.22,6.6,19.52
2015-06-23,35.41,82.84,7.15,7.15,18.18
2015-06-24,30.21,83.82,6.91,6.68,18.77
2015-06-25,31.68,87.89,7.3,7.11,17.25
2015-06-26,29.79,109.37,7.23,7.04,19.59
2015-06-27,32.97,98.14,6.65,7.09,17.85
2015-06-28,33.4,54.6,6.39,6.66,16.78
2015-06-29,36.59,130.62,7.19,7.54,19.53
2015-06-30,33.12,111.73,6.81,7.64,18.53
2015-07-01,35.1,54.18,6.84,7.65,17.04
2015-07-02,37.15,87.37,6.79,6.46,17.11
2015-07-03,32.36,236.21,7.13,7.53,20.56
2015-07-04,32.94,90.52,7.64,7.22,17.55
2015-07-05,34.21,83.54,6.69,7.62,16.95
2015-07-06,34.84,77.71,7.26,6.23,18.44
2015-07-07,32.76,153.35,7.53,6.41,18.41
2015-07-08,34.55,61.83,7.05,7.73,16.92
2015-07-09,33.74,169.86,6.79,7.29,18.73
2015-07-10,29.62,152.3,6.98,6.42,20.3
2015-07-11,30.59,74.8,7.1,7.85,16.55
2015-07-12,35.09,57.01,6.79,6.21,16.11
2015-07-13,28.66,138.27,7.08,7.96,17.59
2015-07-14,31.14,192.51,7.16,7.22,20.89
2015-07-15,33.55,94.02,7.13,7.02,16.7
2015-07-16,32.61,87.88,6.99,7.6,17.82
2015-07-17,32.88,52.12,6.4,7.67,16.78
2015-07-18,34.68,83.55,6.13,7.59,15.65
2015-07-19,33.87,225.18,6.68,6.8,19.96
2015-07-20,32.22,108.98,7.07,7.35,17.89
2015-07-21,37.37,151.59,6.98,7.32,19.42
2015-07-22,33.79,75.03,6.66,7.27,15.9
2015-07-23,32.34,152.3,7.1,8.07,18.21
2015-07-24,31.93,69.8,7.29,7.61,16.16
2015-07-25,31.77,135.14,7.41,7.24,17.3
2015-07-26,30.11,75.22,6.57,6.99,16.44
2015-07-27,30.97,62.89,6.6,8.22,16.66
2015-07-28,30.81,73.88,7.68,6.17,17.55
2015-07-29,29.35,93.4,6.51,8.26,16.64
2015-07-30,33.26,227.43,7.26,7.05,19.76
2015-07-31,31.62,55.35,7.17,6.9,14.89
2015-08-01,33.87,88.74,6.81,7.87,17.02
2015-08-02,30.66,56.5,6.52,6.95,15.54
2015-08-03,35.48,55.65,7.07,7.65,15.05
2015-08-04,30.56,100.14,7.02,8.05,16.54
2015-08-05,31.07,61.92,7.12,7.97,15.5
2015-08-06,31.01,63.52,7.23,7.8,16.63
2015-08-07,35.12,55.02,6.75,8.1,14.16
2015-08-08,32.45,149.31,6.78,7.87,17.89
2015-08-09,28.25,74.79,7.08,7.83,15.49
2015-08-10,32.06,75.9,6.77,7.78,15.73
2015-08-11,31.75,93.18,6.84,6.77,15.53
2015-08-12,29.88,86.6,6.94,7.2,15.87
2015-08-13,33.03,102.62,7.03,6.61,14.99
2015-08-14,32.26,115.59,7.58,7.32,15.22
2015-08-15,28.8,88.37,7.19,8.41,16.25
2015-08-16,33.31,129.35,6.64,6.9,15.27
2015-08-17,30.73,142.27,7.23,7.05,16.54
2015-08-18,29.43,137.45,7.11,7.02,16.16
2015-08-19,28.98,188.2,6.93,7.18,16.76
2015-08-20,34.6,86.25,6.66,7.17,15.24
2015-08-21,29.41,183.39,7.14,7.34,18.23
2015-08-22,31.21,68.17,7.18,6.78,14.71
2015-08-23,27.89,235.68,7.39,7.6,18.84
2015-08-24,34.79,122.37,6.91,5.76,16.25
2015-08-25,29.0,68.05,6.7,7.63,15.69
2015-08-26,29.5,68.68,7.15,7.08,15.84
2015-08-27,27.1,98.33,7.18,7.68,16.36
2015-08-28,29.71,255.76,6.9,7.22,19.42
2015-08-29,28.52,85.61,7.05,7.87,15.76
2015-08-30,31.08,87.44,6.55,6.71,16.27
2015-08-31,26.72,137.88,6.46,7.54,15.19
2015-09-01,27.85,88.32,7.12,7.71,15.4
2015-09-02,29.06,80.29,6.71,7.58,14.31
2015-09-03,27.81,116.85,6.73,7.03,14.99
2015-09-04,31.52,161.32,6.94,7.01,18.68
2015-09-05,27.24,64.7,7.55,8.85,14.37
2015-09-06,29.81,100.62,7.09,7.53,14.98
2015-09-07,29.12,85.89,6.8,7.41,15.61
2015-09-08,25.38,71.52,6.71,7.44,15.11
2015-09-09,30.32,73.97,7.22,7.77,15.27
2015-09-10,25.31,56.47,6.85,8.29,15.56
2015-09-11,26.52,222.87,7.01,8.58,19.63
2015-09-12,29.05,103.43,7.18,7.87,15.0
2015-09-13,26.24,78.29,6.62,8.17,15.08
2015-09-14,26.33,61.0,6.9,7.2,14.99
2015-09-15,27.77,143.71,7.08,8.14,15.65
2015-09-16,29.46,115.19,6.96,7.03,15.57
2015-09-17,27.55,206.55,7.01,7.94,16.83
2015-09-18,25.71,85.25,7.18,8.08,17.27
2015-09-19,27.11,67.66,7.78,8.17,14.67
2015-09-20,29.08,58.72,7.2,7.49,13.73
2015-09-21,25.2,90.49,7.18,7.38,15.01
2015-09-22,28.62,233.52,6.82,6.91,17.69
2015-09-23,25.18,154.64,6.75,7.57,15.53
2015-09-24,27.13,94.95,7.1,8.63,16.0
2015-09-25,28.15,54.88,6.83,8.79,14.14
2015-09-26,25.93,91.22,6.79,8.72,15.4
2015-09-27,24.29,137.16,7.25,8.63,15.47
2015-09-28,27.3,86.41,7.2,7.55,14.4
2015-09-29,23.58,62.46,6.96,8.24,16.41
2015-09-30,28.85,127.01,6.68,8.19,16.06
2015-10-01,27.39,94.31,6.42,7.06,14.2
2015-10-02,23.8,86.5,7.23,8.64,14.65
2015-10-03,23.98,131.14,7.12,7.55,15.91
2015-10-04,24.99,84.3,6.89,8.45,15.9
2015-10-05,25.15,57.27,6.67,8.16,14.37
2015-10-06,22.35,64.18,6.73,7.84,13.88
2015-10-07,23.56,124.96,7.47,7.88,16.04
2015-10-08,24.23,76.47,6.66,8.2,14.87
2015-10-09,25.3,52.68,7.03,8.41,13.94
2015-10-10,21.54,91.66,7.17,8.39,15.92
2015-10-11,22.01,58.2,6.91,8.62,14.43
2015-10-12,25.52,56.1,7.8,7.8,13.79
2015-10-13,24.11,54.26,7.54,7.46,13.88
2015-10-14,22.32,76.53,7.6,7.91,15.11
2015-10-15,25.88,80.74,7.02,7.6,15.07
2015-10-16,21.53,70.04,6.85,7.62,14.52
2015-10-17,,80.0,7.15,8.26,14.74
2015-10-18,22.85,84.44,7.26,8.73,15.06
2015-10-19,25.17,216.88,6.83,7.07,17.31
2015-10-20,23.15,100.34,7.41,8.57,14.94
2015-10-21,19.86,109.52,7.04,8.93,15.64
2015-10-22,21.63,255.28,7.15,8.06,18.34
2015-10-23,22.63,58.25,7.23,7.87,14.56
2015-10-24,22.29,85.18,7.07,8.4,15.23
2015-10-25,24.08,59.07,7.43,7.5,14.3
2015-10-26,21.72,87.48,6.92,7.93,16.98
2015-10-27,22.07,88.91,7.09,8.14,14.58
2015-10-28,21.08,7.66,7.39,8.14,14.44
2015-10-29,22.38,15.49,6.75,7.98,15.35
2015-10-30,19.84,13.29,6.39,7.76,14.1
2015-10-31,20.84,28.21,7.37,8.6,13.81
2015-11-01,23.32,5.43,6.66,7.97,13.6
2015-11-02,19.79,11.18,7.23,7.55,14.0
2015-11-03,22.75,21.71,6.6,8.59,14.37
2015-11-04,18.15,19.26,7.25,8.2,13.53
2015-11-05,17.05,17.0,6.32,8.92,13.39
2015-11-06,19.97,5.26,6.72,8.39,13.4
2015-11-07,19.37,19.5,7.23,9.01,13.49
2015-11-08,21.45,5.72,6.88,7.9,13.16
2015-11-09,16.25,10.47,6.91,9.4,13.28
2015-11-10,20.77,10.4,7.27,8.79,13.13
2015-11-11,19.97,37.34,6.86,8.14,14.05
2015-11-12,20.4,5.73,7.35,8.59,13.65
2015-11-13,20.91,8.38,7.81,9.15,12.91
2015-11-14,21.27,8.52,7.07,8.98,14.46
2015-11-15,17.37,9.31,7.23,8.63,12.37
2015-11-16,20.15,10.51,7.04,9.63,13.77
2015-11-17,19.0,7.7,6.94,8.49,12.59
2015-11-18,20.02,6.98,6.63,8.4,13.69
2015-11-19,21.19,10.09,6.83,8.57,13.4
2015-11-20,17.37,10.76,6.94,8.81,12.75
2015-11-21,18.81,12.27,7.32,8.42,13.31
2015-11-22,16.0,8.18,6.44,9.29,14.44
2015-11-23,20.51,23.61,6.84,8.52,13.61
2015-11-24,17.17,7.91,7.1,8.34,13.63
2015-11-25,21.55,5.44,6.85,8.6,13.46
2015-11-26,20.88,7.7,7.35,8.52,13.95
2015-11-27,19.11,5.77,7.19,8.62,13.38
2015-11-28,14.88,8.99,6.81,8.03,14.39
2015-11-29,19.91,16.21,7.39,9.43,13.59
2015-11-30,16.24,14.33,6.67,9.14,14.55
2015-12-01,14.42,10.24,6.79,9.85,14.72
2015-12-02,16.02,6.1,7.44,8.42,13.71
2015-12-03,18.03,11.08,6.95,8.62,13.85
2015-12-04,20.08,10.59,6.64,9.44,13.81
2015-12-05,17.71,5.17,6.66,8.68,14.27
2015-12-06,15.55,5.14,6.89,8.04,14.16
2015-12-07,17.5,18.16,7.07,7.98,13.8
2015-12-08,18.69,6.0,6.39,9.42,14.24
2015-12-09,17.14,7.16,7.37,8.16,13.79
2015-12-10,17.65,7.56,7.15,8.65,13.9
2015-12-11,17.07,8.08,7.7,8.94,14.74
2015-12-12,21.36,6.35,7.34,8.35,13.87
2015-12-13,14.34,24.95,7.07,9.2,16.03
2015-12-14,16.63,14.49,7.08,8.78,14.37
2015-12-15,17.28,16.95,7.12,8.05,14.39
2015-12-16,18.55,7.93,6.78,10.0,14.63
2015-12-17,19.63,13.68,6.9,9.12,14.75
2015-12-18,16.94,9.29,7.3,9.78,14.8
2015-12-19,19.08,5.87,7.33,9.16,14.44
2015-12-20,15.36,636.82,6.79,9.44,25.0
2015-12-21,18.57,13.09,7.15,9.04,15.61
2015-12-22,19.48,16.22,7.21,8.54,14.8
2015-12-23,16.75,8.14,6.78,8.43,15.01
2015-12-24,13.27,5.48,7.06,9.5,16.05
2015-12-25,13.83,6.59,6.77,9.53,15.4
2015-12-26,16.5,6.54,6.4,8.88,15.27
2015-12-27,19.74,5.79,6.61,7.02,21.32
2015-12-28,20.61,5.45,7.37,8.84,14.7
2015-12-29,17.96,9.82,7.15,8.9,15.35
2015-12-30,16.95,7.01,6.47,8.54,15.42
2015-12-31,15.36,5.0,7.34,8.8,15.6
2016-01-01,18.65,7.28,6.74,7.96,15.02
2016-01-02,16.05,14.33,7.26,9.32,15.82
2016-01-03,17.79,5.56,6.97,7.5,15.54
2016-01-04,19.86,5.03,7.28,9.0,16.18
2016-01-05,17.21,7.12,7.06,9.09,16.55
2016-01-06,16.76,23.85,6.86,8.1,15.04
2016-01-07,15.96,7.77,6.63,8.68,16.61
2016-01-08,17.73,6.43,7.09,9.25,16.0
2016-01-09,18.44,10.62,6.68,8.84,15.6
2016-01-10,15.38,11.21,7.34,8.51,16.46
2016-01-11,16.49,7.75,7.18,8.87,15.67
2016-01-12,18.65,5.09,6.85,8.52,15.56
2016-01-13,12.07,9.54,6.94,9.28,16.68
2016-01-14,17.28,11.79,7.16,9.13,16.78
2016-01-15,18.14,152.84,7.01,8.57,19.35
2016-01-16,19.26,9.38,6.78,9.07,15.71
2016-01-17,18.68,8.67,7.2,8.43,16.31
2016-01-18,15.89,8.97,6.76,8.56,16.53
2016-01-19,18.5,5.47,7.02,8.32,16.16
2016-01-20,18.15,14.12,6.7,8.85,16.37
2016-01-21,14.92,11.73,7.47,9.33,16.58
2016-01-22,17.04,18.25,6.45,8.25,17.95
2016-01-23,17.69,6.66,7.18,8.47,16.7
2016-01-24,19.36,8.69,6.81,8.28,16.52
2016-01-25,17.33,191.97,6.63,8.55,20.61
2016-01-26,14.59,8.45,7.14,9.14,16.67
2016-01-27,18.7,13.5,7.01,9.53,17.03
2016-01-28,19.35,11.59,6.61,9.31,17.05
2016-01-29,17.35,5.05,7.0,8.14,17.33
2016-01-30,19.81,12.83,6.86,8.3,16.9
2016-01-31,22.31,5.76,6.93,8.64,16.71
2016-02-01,16.88,7.99,7.4,7.88,19.26
2016-02-02,16.89,9.98,7.24,8.21,17.48
2016-02-03,18.36,10.17,6.71,8.77,17.07
2016-02-04,15.33,10.21,7.6,8.56,17.65
2016-02-05,20.04,22.56,6.91,9.2,17.27
2016-02-06,17.84,6.37,6.0,8.44,16.33
2016-02-07,17.92,5.44,7.13,8.71,17.61
2016-02-08,21.27,15.84,6.89,8.89,17.75
2016-02-09,16.92,17.52,7.13,8.52,16.82
2016-02-10,20.29,5.34,6.23,8.11,16.4
2016-02-11,16.94,5.01,6.78,9.41,17.93
2016-02-12,18.59,7.17,7.34,9.07,17.84
2016-02-13,18.26,18.93,6.66,9.4,16.85
2016-02-14,18.08,9.72,7.07,8.93,17.36
2016-02-15,20.51,5.26,7.03,7.65,17.84
2016-02-16,21.42,5.65,7.24,7.2,17.39
2016-02-17,21.74,8.72,7.3,8.87,17.86
2016-02-18,18.83,14.87,7.2,7.97,17.05
2016-02-19,21.9,9.95,7.28,7.11,17.3
2016-02-20,20.79,12.96,6.84,8.39,18.02
2016-02-21,21.54,15.19,6.7,9.26,17.78
2016-02-22,19.63,14.66,7.08,8.04,17.67
2016-02-23,17.98,17.31,6.7,8.38,18.29
2016-02-24,22.54,15.73,7.58,8.28,17.24
2016-02-25,18.43,7.61,6.67,9.27,17.45
2016-02-26,19.18,14.19,6.95,9.49,17.8
2016-02-27,19.8,7.81,6.95,9.21,18.57
2016-02-28,18.41,8.25,7.16,8.51,17.74
2016-02-29,19.88,28.58,6.5,7.85,18.15
2016-03-01,24.04,12.32,6.82,7.54,16.93
2016-03-02,19.48,8.96,6.8,9.03,17.43
2016-03-03,21.43,5.48,7.12,8.32,17.91
2016-03-04,21.77,10.86,6.76,8.92,18.5
2016-03-05,18.35,6.9,7.28,8.56,18.13
2016-03-06,24.95,11.84,7.22,8.03,17.64
2016-03-07,21.1,23.96,6.51,8.2,18.51
2016-03-08,20.15,13.28,6.96,7.68,17.95
2016-03-09,25.36,5.05,6.85,8.75,18.43
2016-03-10,23.75,5.58,6.71,8.3,18.02
2016-03-11,20.86,6.71,6.74,9.27,17.94
2016-03-12,25.62,5.51,7.3,8.14,17.9
2016-03-13,19.72,10.75,7.06,8.61,19.15
2016-03-14,22.28,20.21,6.81,7.41,18.46
2016-03-15,24.41,11.59,6.92,9.13,17.79
2016-03-16,24.58,8.35,6.69,8.31,17.92
2016-03-17,22.09,5.13,6.47,7.95,17.76
2016-03-18,24.77,5.67,7.0,8.9,17.51
2016-03-19,21.92,6.05,6.85,8.58,17.54
2016-03-20,23.72,11.93,7.05,7.62,17.54
2016-03-21,23.79,9.6,6.5,8.65,17.8
2016-03-22,22.39,19.71,7.3,7.69,17.55
2016-03-23,25.28,17.54,7.0,8.5,17.18
2016-03-24,21.19,16.75,7.0,8.47,18.49
2016-03-25,23.35,10.66,7.48,7.67,18.14
2016-03-26,22.2,5.75,7.22,8.34,18.9
2016-03-27,23.85,7.62,7.13,8.17,17.32
2016-03-28,21.71,5.36,7.18,7.96,17.72
2016-03-29,24.91,9.88,7.13,8.68,17.03
2016-03-30,26.99,6.13,7.32,8.31,17.75
2016-03-31,26.05,5.74,7.67,7.73,17.27
2016-04-01,25.96,6.39,6.76,7.84,17.93
2016-04-02,19.86,5.11,7.08,8.49,17.84
2016-04-03,29.43,12.0,7.29,8.18,17.82
2016-04-04,26.23,8.98,7.1,7.76,18.6
2016-04-05,26.31,17.85,6.91,7.78,17.75
2016-04-06,25.23,9.68,7.28,8.07,17.61
2016-04-07,25.53,14.77,6.8,7.41,17.59
2016-04-08,23.55,5.43,6.56,9.03,17.75
2016-04-09,28.77,5.05,7.29,7.52,18.58
2016-04-10,26.86,5.41,7.45,8.51,17.91
2016-04-11,27.96,9.38,7.19,8.24,18.55
2016-04-12,25.16,6.3,7.16,8.16,18.06
2016-04-13,27.82,11.37,7.43,8.65,18.3
2016-04-14,26.68,12.56,6.63,7.52,17.28
2016-04-15,25.48,8.32,6.79,7.27,17.72
2016-04-16,27.58,7.9,6.86,8.3,18.0
2016-04-17,29.12,6.84,6.67,6.88,17.91
2016-04-18,25.76,12.12,6.82,7.16,18.07
2016-04-19,29.62,14.03,7.16,7.06,18.28
2016-04-20,26.74,218.15,6.98,8.0,21.2
2016-04-21,27.98,7.34,6.92,7.54,18.02
2016-04-22,28.59,6.72,7.09,8.02,17.9
2016-04-23,26.01,5.14,6.93,8.07,18.39
2016-04-24,30.33,151.13,6.61,8.13,20.51
2016-04-25,30.44,10.88,7.61,8.27,18.22
2016-04-26,31.96,7.96,6.85,7.66,17.46
2016-04-27,28.13,9.5,7.17,8.25,19.94
2016-04-28,30.05,5.33,7.48,8.09,17.77
2016-04-29,29.91,6.1,6.95,8.07,17.93
2016-04-30,26.29,6.02,7.26,7.27,17.53
2016-05-01,28.23,11.61,7.55,7.94,19.38
2016-05-02,30.84,14.74,7.15,6.93,18.84
2016-05-03,27.06,10.1,6.91,7.87,17.86
2016-05-04,25.9,60.37,7.33,8.01,18.04
2016-05-05,27.23,16.93,7.19,8.09,17.1
2016-05-06,31.4,268.01,6.81,7.5,22.27
2016-05-07,32.11,5.39,6.96,7.46,17.18
2016-05-08,28.5,6.42,6.95,6.79,17.06
2016-05-09,26.54,14.61,6.86,7.34,17.07
2016-05-10,29.28,7.63,6.83,7.38,17.25
2016-05-11,31.92,6.01,6.89,6.35,17.24
2016-05-12,32.96,5.89,7.08,6.62,16.84
2016-05-13,27.51,9.01,7.23,6.81,19.39
2016-05-14,28.09,12.75,6.3,8.26,17.22
2016-05-15,29.73,9.63,7.24,6.93,16.55
2016-05-16,34.07,9.07,6.98,6.88,17.24
2016-05-17,30.21,7.39,7.32,7.23,16.84
2016-05-18,31.37,10.2,6.62,6.75,16.86
2016-05-19,26.75,11.5,7.26,7.18,16.99
2016-05-20,29.22,6.21,6.79,7.77,16.6
2016-05-21,31.26,5.93,7.13,7.11,17.12
2016-05-22,31.44,16.19,6.75,7.62,16.15
2016-05-23,29.93,17.43,6.8,7.65,16.91
2016-05-24,34.09,5.99,7.21,6.73,16.0
2016-05-25,33.12,5.25,6.99,6.86,15.87
2016-05-26,31.41,8.77,7.27,7.34,15.68
2016-05-27,35.5,51.34,6.58,7.54,16.59
2016-05-28,30.5,9.29,6.67,7.46,16.63
2016-05-29,30.47,51.78,7.0,8.05,17.21
2016-05-30,28.74,52.54,6.91,7.75,16.87
2016-05-31,30.29,73.88,6.84,8.19,17.22
2016-06-01,32.63,63.52,6.87,7.61,17.17
2016-06-02,30.77,50.97,6.95,8.19,17.12
2016-06-03,30.71,51.53,6.64,7.68,17.34
2016-06-04,33.57,106.74,6.56,7.31,17.93
2016-06-05,30.31,341.23,6.71,7.91,23.78
2016-06-06,31.08,79.24,6.93,7.89,17.61
2016-06-07,33.63,53.19,6.94,7.3,16.75
2016-06-08,32.57,64.16,6.1,7.85,17.47
2016-06-09,33.39,167.36,7.46,6.69,19.92
2016-06-10,34.37,162.96,6.93,7.63,18.62
2016-06-11,30.9,60.21,6.82,8.02,17.68
2016-06-12,33.3,87.91,6.83,6.21,20.34
2016-06-13,29.9,58.98,7.6,7.97,17.32
2016-06-14,35.2,103.74,6.75,7.11,18.32
2016-06-15,34.18,75.5,7.09,7.02,17.36
2016-06-16,30.49,56.32,7.72,8.21,18.21
2016-06-17,32.93,88.0,6.94,7.34,17.96
2016-06-18,33.48,135.39,6.95,6.2,17.9
2016-06-19,32.01,62.84,7.57,7.54,16.3
2016-06-20,35.03,135.93,6.86,6.35,17.44
2016-06-21,31.72,61.73,7.31,6.57,15.76
2016-06-22,32.01,73.98,7.17,7.09,17.78
2016-06-23,29.19,184.82,6.88,7.68,19.64
2016-06-24,31.93,82.27,7.01,7.53,17.07
2016-06-25,33.08,112.72,7.13,6.71,18.3
2016-06-26,34.2,104.2,7.05,7.44,16.5
2016-06-27,35.3,134.28,6.9,6.28,18.27
2016-06-28,32.41,76.65,6.76,6.98,16.94
2016-06-29,30.59,58.53,6.88,7.39,16.48
2016-06-30,29.97,84.9,7.1,7.62,18.74
2016-07-01,30.46,119.8,7.51,7.09,18.64
2016-07-02,34.55,57.92,7.17,7.65,16.85
2016-07-03,29.06,173.29,6.66,7.57,19.74
2016-07-04,29.08,92.55,7.04,7.54,18.14
2016-07-05,31.25,105.6,7.38,7.31,17.54
2016-07-06,31.55,374.46,7.26,7.99,23.02
2016-07-07,33.84,62.59,6.65,5.99,16.77
2016-07-08,32.28,77.08,6.9,6.85,16.9
2016-07-09,30.65,243.47,7.1,7.68,19.66
2016-07-10,32.62,137.92,7.22,7.06,18.58
2016-07-11,32.51,127.41,7.01,7.3,17.43
2016-07-12,33.54,89.28,6.98,6.64,17.35
2016-07-13,32.34,89.91,7.23,7.87,19.48
2016-07-14,31.61,62.81,7.2,6.35,15.5
2016-07-15,34.11,52.63,6.77,6.12,15.19
2016-07-16,34.07,58.8,6.29,7.4,17.51
2016-07-17,32.34,65.61,6.95,8.11,16.23
2016-07-18,35.78,60.75,6.74,7.18,15.88
2016-07-19,31.98,63.07,7.18,7.68,15.35
2016-07-20,33.59,136.96,7.29,7.38,16.84
2016-07-21,35.32,65.78,6.66,7.27,15.88
2016-07-22,34.57,67.09,7.07,6.39,16.17
2016-07-23,28.74,91.53,6.76,8.09,16.44
2016-07-24,35.3,50.82,7.09,7.3,14.66
2016-07-25,33.48,55.43,6.88,6.93,15.5
2016-07-26,34.05,96.21,7.51,6.23,16.45
2016-07-27,34.03,62.83,6.77,7.41,15.16
2016-07-28,30.51,53.09,7.21,7.99,15.26
2016-07-29,31.49,182.15,6.37,7.19,17.29
2016-07-30,31.63,51.41,6.9,8.06,14.15
2016-07-31,30.84,104.51,6.74,8.23,16.8
2016-08-01,30.32,54.71,7.0,7.78,14.82
2016-08-02,29.66,112.71,6.92,8.49,16.65
2016-08-03,31.94,106.41,7.05,7.25,15.92
2016-08-04,32.95,100.22,6.66,7.79,14.76
2016-08-05,27.62,57.23,7.21,7.36,16.2
2016-08-06,34.55,125.67,6.8,6.4,15.21
2016-08-07,31.45,145.24,6.91,7.66,18.2
2016-08-08,31.52,73.9,6.75,6.65,14.38
2016-08-09,30.67,55.08,6.81,7.42,15.1
2016-08-10,33.28,320.96,7.03,6.89,20.56
2016-08-11,29.42,105.81,6.51,7.16,15.47
2016-08-12,29.13,93.2,7.1,8.1,15.67
2016-08-13,30.87,115.51,7.33,7.18,15.19
2016-08-14,32.87,60.92,7.1,8.49,14.95
2016-08-15,28.98,52.94,7.03,8.19,15.71
2016-08-16,31.9,204.7,6.62,6.76,17.33
2016-08-17,32.31,164.11,6.54,8.06,19.1
2016-08-18,33.19,81.38,6.6,7.43,15.81
2016-08-19,31.7,51.06,6.93,6.82,14.94
2016-08-20,28.25,120.58,7.49,8.01,15.9
2016-08-21,29.04,93.92,6.9,7.3,14.87
2016-08-22,30.12,58.83,6.36,6.91,12.93
2016-08-23,26.27,103.89,6.59,7.61,16.63
2016-08-24,30.55,58.21,7.04,8.17,16.12
2016-08-25,26.27,56.78,6.69,8.13,14.05
2016-08-26,33.85,152.75,7.36,7.67,15.26
2016-08-27,27.78,91.72,7.02,6.93,14.99
2016-08-28,29.15,78.35,6.98,7.84,15.61
2016-08-29,33.72,138.2,6.88,7.23,15.27
2016-08-30,29.93,93.45,6.24,7.4,15.78
2016-08-31,27.59,78.98,6.88,7.47,14.35
2016-09-01,30.5,74.16,7.06,7.15,14.1
2016-09-02,29.55,94.34,7.13,7.67,16.23
2016-09-03,29.46,126.72,7.33,7.81,15.42
2016-09-04,33.0,62.45,7.27,6.56,13.9
2016-09-05,28.62,122.13,6.82,7.99,15.36
2016-09-06,27.98,58.92,6.76,7.46,13.52
2016-09-07,27.82,85.84,6.83,8.26,14.44
2016-09-08,27.99,53.2,6.65,8.55,14.79
2016-09-09,28.13,221.0,7.31,8.74,17.71
2016-09-10,26.71,54.02,7.25,7.01,14.35
2016-09-11,28.2,57.69,7.04,7.29,13.8
2016-09-12,25.2,83.63,7.53,8.03,15.07
2016-09-13,25.47,74.97,7.34,8.26,14.62
2016-09-14,24.36,177.83,7.79,7.62,15.52
2016-09-15,28.04,138.78,6.9,6.93,14.32
2016-09-16,25.7,115.63,7.32,8.53,16.67
2016-09-17,27.45,53.07,7.08,7.63,12.99
2016-09-18,22.21,86.66,7.33,8.48,14.03
2016-09-19,24.49,58.64,6.91,8.73,13.58
2016-09-20,21.11,72.14,6.84,7.8,14.5
2016-09-21,31.36,92.23,6.59,7.97,14.86
2016-09-22,22.85,109.36,7.13,8.54,16.15
2016-09-23,25.43,57.15,7.73,8.86,13.32
2016-09-24,22.12,50.32,7.04,8.78,13.34
2016-09-25,25.81,191.91,6.89,7.47,16.57
2016-09-26,27.25,76.16,7.64,7.76,13.73
2016-09-27,27.28,95.43,7.06,8.55,14.37
2016-09-28,25.56,59.97,7.25,7.63,13.6
2016-09-29,26.17,94.34,6.45,7.52,14.72
2016-09-30,22.01,66.65,7.03,8.97,14.75
2016-10-01,24.64,91.57,7.3,8.28,14.35
2016-10-02,26.02,52.52,6.89,7.76,15.09
2016-10-03,23.63,147.99,6.89,7.57,16.09
2016-10-04,26.02,68.74,7.24,8.18,14.3
2016-10-05,26.31,122.59,6.79,7.82,15.1
2016-10-06,24.93,115.34,6.75,8.02,14.44
2016-10-07,22.66,101.81,6.47,7.98,13.89
2016-10-08,22.23,126.48,6.81,8.95,15.29
2016-10-09,20.74,53.22,6.65,8.28,13.51
2016-10-10,25.6,154.17,6.82,7.66,16.68
2016-10-11,24.15,107.37,7.04,9.2,15.06
2016-10-12,21.26,68.7,7.01,8.31,15.08
2016-10-13,25.62,133.55,7.23,8.35,15.6
2016-10-14,23.89,117.74,6.78,8.39,15.3
2016-10-15,22.54,144.56,7.54,8.42,16.01
2016-10-16,20.13,113.72,7.06,8.06,16.31
2016-10-17,23.44,111.79,7.11,8.39,16.46
2016-10-18,20.6,155.71,7.42,8.33,15.94
2016-10-19,22.57,99.9,7.06,8.74,14.69
2016-10-20,20.25,50.54,6.91,8.44,14.92
2016-10-21,19.43,86.76,6.62,8.56,15.82
2016-10-22,19.76,252.97,7.01,8.63,18.8
2016-10-23,18.8,77.43,7.52,8.87,14.88
2016-10-24,19.79,80.63,7.55,8.56,15.92
2016-10-25,23.45,322.86,6.5,8.04,20.5
2016-10-26,18.71,50.01,6.88,8.87,15.07
2016-10-27,21.71,20.85,6.91,8.35,12.97
2016-10-28,18.82,10.83,6.55,8.56,13.42
2016-10-29,20.02,8.52,7.33,9.07,15.34
2016-10-30,20.62,31.97,7.45,8.56,13.09
2016-10-31,21.5,59.21,6.83,8.68,14.34
2016-11-01,22.81,5.0,6.85,7.83,15.45
2016-11-02,17.15,8.24,7.14,7.75,13.42
2016-11-03,20.28,7.12,6.9,8.7,12.84
2016-11-04,21.09,5.79,6.73,8.48,13.51
2016-11-05,21.52,6.11,6.88,8.35,12.72
2016-11-06,19.91,7.01,7.06,7.81,12.41
2016-11-07,17.69,12.05,7.05,8.75,12.82
2016-11-08,21.33,11.22,7.24,7.94,12.95
2016-11-09,17.38,5.24,6.46,8.57,12.89
2016-11-10,19.01,22.71,6.64,8.4,13.42
2016-11-11,19.61,13.96,7.05,7.95,13.44
2016-11-12,21.96,5.43,7.14,8.82,12.26
2016-11-13,17.56,10.44,6.88,8.26,13.12
2016-11-14,18.17,7.14,6.79,9.49,13.73
2016-11-15,21.49,6.37,6.86,8.09,13.29
2016-11-16,21.8,5.15,6.67,8.14,12.79
2016-11-17,16.32,7.93,7.18,8.64,13.12
2016-11-18,19.01,5.79,6.94,8.76,14.16
2016-11-19,19.21,9.59,7.3,8.03,12.41
2016-11-20,17.36,23.23,7.36,9.24,13.81
2016-11-21,15.69,13.17,6.94,8.01,13.14
2016-11-22,18.54,9.03,7.16,8.72,13.8
2016-11-23,19.97,7.51,7.17,8.31,13.74
2016-11-24,21.29,14.81,7.21,8.09,13.27
2016-11-25,21.76,8.59,6.72,8.99,12.51
2016-11-26,19.52,9.73,6.78,9.05,13.04
2016-11-27,15.28,25.52,6.97,8.93,14.52
2016-11-28,20.1,9.47,6.98,8.32,12.77
2016-11-29,17.6,383.47,6.9,9.12,20.63
2016-11-30,18.42,6.0,7.36,9.42,13.94
2016-12-01,14.27,11.27,7.26,9.58,13.83
2016-12-02,14.64,8.85,7.45,9.46,13.73
2016-12-03,18.06,16.29,6.96,8.09,13.89
2016-12-04,18.43,11.05,7.55,8.97,12.99
2016-12-05,18.56,8.43,7.26,8.81,13.97
2016-12-06,14.31,5.33,7.06,8.89,17.58
2016-12-07,22.6,10.51,7.38,8.97,12.99
2016-12-08,17.73,10.37,7.04,9.28,15.04
2016-12-09,17.03,9.51,7.75,8.09,13.89
2016-12-10,16.44,5.53,7.15,8.48,15.22
2016-12-11,18.32,7.56,6.49,8.67,14.45
2016-12-12,19.76,5.22,6.74,8.82,13.96
2016-12-13,17.41,13.1,6.92,9.95,14.76
2016-12-14,17.11,8.36,6.52,8.43,13.94
2016-12-15,20.42,5.38,7.01,9.05,14.25
2016-12-16,16.2,5.24,6.53,9.72,15.37
2016-12-17,14.74,5.68,6.66,9.14,14.38
2016-12-18,17.74,12.24,7.3,8.36,15.61
2016-12-19,20.39,6.99,6.97,8.9,14.5
2016-12-20,18.98,6.72,7.66,8.7,14.95
2016-12-21,15.22,5.1,7.01,9.66,14.13
2016-12-22,17.55,21.18,6.84,8.86,14.51
2016-12-23,16.06,17.71,7.43,9.02,15.36
2016-12-24,16.25,6.35,6.77,9.26,15.46
2016-12-25,15.2,13.47,6.83,9.26,14.58
2016-12-26,16.84,8.79,6.93,8.67,14.87
2016-12-27,16.2,13.5,7.44,9.54,15.02
2016-12-28,18.73,7.95,7.02,8.08,15.7
2016-12-29,16.77,7.42,7.07,9.12,15.07
2016-12-30,16.74,7.94,7.02,9.5,15.84
2016-12-31,16.88,14.71,7.07,8.71,15.47
2017-01-01,19.29,8.0,6.77,9.39,14.98
2017-01-02,16.52,6.1,6.43,8.54,14.96
2017-01-03,18.93,5.99,7.06,8.17,16.11
2017-01-04,15.55,126.89,7.5,8.8,17.69
2017-01-05,17.34,8.28,6.99,8.89,15.74
2017-01-06,19.72,16.99,7.11,7.35,15.14
2017-01-07,15.53,9.79,6.99,8.82,15.94
2017-01-08,17.52,5.34,7.38,7.82,15.35
2017-01-09,19.39,7.18,6.97,8.36,15.14
2017-01-10,16.81,6.55,7.45,9.05,15.43
2017-01-11,14.48,18.31,6.98,8.57,17.79
2017-01-12,16.97,10.59,6.67,8.72,16.21
2017-01-13,13.78,7.96,7.79,8.97,16.15
2017-01-14,18.59,24.63,7.05,7.77,15.91
2017-01-15,13.97,6.96,7.18,8.71,16.09
2017-01-16,16.89,9.29,6.65,8.52,15.75
2017-01-17,17.02,10.08,7.13,8.64,16.07
2017-01-18,16.7,12.08,6.51,9.82,17.35
2017-01-19,15.07,27.75,6.9,10.25,16.8
2017-01-20,17.96,12.12,6.54,9.35,15.81
2017-01-21,16.72,7.56,6.66,8.79,17.06
2017-01-22,18.28,7.51,7.41,8.29,15.65
2017-01-23,14.18,5.05,7.01,7.63,16.66
2017-01-24,17.82,16.95,7.14,9.25,16.67
2017-01-25,20.99,7.79,7.19,7.27,15.63
2017-01-26,17.02,25.42,7.16,8.42,16.34
2017-01-27,14.07,9.48,6.82,9.56,16.34
2017-01-28,14.76,7.28,6.63,8.52,16.22
2017-01-29,15.33,10.16,6.36,9.36,15.97
2017-01-30,19.56,5.56,7.46,8.62,15.93
2017-01-31,16.46,201.73,7.2,8.11,20.47
2017-02-01,20.6,9.72,6.54,7.95,15.98
2017-02-02,17.41,12.31,6.59,8.11,16.04
2017-02-03,17.07,5.42,7.22,8.82,15.9
2017-02-04,19.4,16.18,7.12,8.0,17.4
2017-02-05,18.79,5.06,6.9,9.23,16.31
2017-02-06,17.04,15.02,7.31,9.65,16.87
2017-02-07,20.01,10.64,6.65,8.74,18.4
2017-02-08,15.41,8.86,7.15,9.43,17.3
2017-02-09,22.72,9.39,7.31,8.2,15.92
2017-02-10,17.03,9.21,6.83,8.67,16.25
2017-02-11,19.81,5.67,7.21,8.82,17.35
2017-02-12,19.71,15.79,6.75,8.23,18.12
2017-02-13,18.13,11.11,7.01,7.82,16.99
2017-02-14,17.1,12.06,7.04,7.6,18.31
2017-02-15,19.97,17.15,6.77,8.17,17.33
2017-02-16,18.26,6.81,6.88,8.75,17.55
2017-02-17,20.61,5.72,7.25,8.86,16.43
2017-02-18,17.88,140.31,6.71,9.09,20.19
2017-02-19,22.44,5.82,7.4,7.99,16.97
2017-02-20,22.05,12.25,6.86,8.24,16.97
2017-02-21,21.55,11.15,6.98,7.97,17.39
2017-02-22,19.96,8.9,7.07,9.07,18.2
2017-02-23,18.23,7.28,7.28,8.52,17.45
2017-02-24,22.32,18.29,7.08,7.87,17.42
2017-02-25,22.43,6.68,7.16,8.41,17.82
2017-02-26,20.12,7.51,7.35,8.59,17.18
2017-02-27,18.11,6.25,7.1,8.75,17.34
2017-02-28,20.97,15.27,6.82,8.95,16.83
2017-03-01,22.39,10.22,7.42,7.73,17.59
2017-03-02,19.28,5.83,6.9,8.0,17.77
2017-03-03,24.87,14.12,7.37,8.33,17.65
2017-03-04,23.05,7.26,6.59,8.23,17.03
2017-03-05,22.42,6.16,6.75,8.69,17.42
2017-03-06,20.58,13.54,6.89,7.82,17.99
2017-03-07,22.57,10.4,6.74,7.99,16.61
2017-03-08,22.21,7.07,6.99,8.71,16.69
2017-03-09,22.51,6.85,6.94,8.4,17.2
2017-03-10,21.91,22.48,7.15,7.85,17.61
2017-03-11,20.99,5.93,6.92,9.08,17.55
2017-03-12,19.97,5.62,7.16,9.18,17.12
2017-03-13,26.34,11.89,7.12,8.35,17.53
2017-03-14,24.96,33.69,7.08,8.55,18.72
2017-03-15,20.47,14.61,7.24,8.52,17.9
2017-03-16,25.83,8.37,6.59,8.45,17.0
2017-03-17,23.18,13.02,6.97,8.12,17.82
2017-03-18,23.52,12.66,7.22,8.87,17.03
2017-03-19,23.74,6.61,6.91,8.94,16.89
2017-03-20,22.83,15.28,7.13,7.87,17.43
2017-03-21,23.9,19.85,7.02,7.91,18.32
2017-03-22,22.58,5.63,6.75,8.02,18.24
2017-03-23,23.22,28.9,6.8,7.58,17.87
2017-03-24,23.18,5.35,6.95,8.54,17.84
2017-03-25,26.45,8.54,7.0,7.47,17.86
2017-03-26,26.86,5.44,6.59,7.89,17.29
2017-03-27,26.96,8.39,6.97,8.27,17.78
2017-03-28,27.87,10.97,6.56,7.35,17.08
2017-03-29,22.79,9.23,7.34,8.09,18.14
2017-03-30,23.55,93.39,7.12,8.72,18.26
2017-03-31,24.79,12.6,6.97,7.58,18.09
2017-04-01,25.67,6.42,7.38,8.48,17.7
2017-04-02,22.0,17.1,6.84,7.96,16.45
2017-04-03,26.28,7.67,6.63,6.86,15.91
2017-04-04,27.0,14.68,7.04,8.12,18.55
2017-04-05,22.72,8.74,6.99,8.1,18.14
2017-04-06,25.74,10.99,7.19,7.77,17.97
2017-04-07,26.27,8.55,6.76,7.59,17.27
2017-04-08,27.36,12.44,6.95,7.34,17.55
2017-04-09,27.36,5.7,6.51,8.0,16.81
2017-04-10,27.84,14.0,6.71,8.15,17.62
2017-04-11,25.86,6.71,6.83,8.65,17.27
2017-04-12,24.39,6.64,7.2,7.34,17.23
2017-04-13,26.43,121.5,7.07,7.71,19.92
2017-04-14,27.6,108.18,6.85,7.24,18.63
2017-04-15,28.2,8.07,7.17,8.38,17.22
2017-04-16,28.91,19.3,6.99,7.3,17.84
2017-04-17,27.95,7.05,7.11,8.9,18.12
2017-04-18,28.71,11.58,7.03,7.64,17.25
2017-04-19,27.23,5.45,6.05,8.57,16.98
2017-04-20,25.15,11.27,6.99,8.13,19.23
2017-04-21,26.08,10.91,7.01,8.15,18.79
2017-04-22,27.79,8.64,7.12,7.79,16.76
2017-04-23,26.18,8.25,7.03,7.76,17.31
2017-04-24,26.97,10.86,7.09,7.47,17.68
2017-04-25,25.63,12.5,7.2,7.44,17.51
2017-04-26,25.93,12.23,6.92,7.91,16.91
2017-04-27,29.71,9.6,7.01,7.52,17.78
2017-04-28,26.35,16.26,6.05,7.02,16.44
2017-04-29,34.18,6.63,6.91,6.04,16.55
2017-04-30,28.26,22.89,6.88,7.6,16.72
2017-05-01,29.88,9.81,6.42,7.77,16.77
2017-05-02,26.24,6.67,6.79,7.51,17.4
2017-05-03,32.0,7.48,6.87,7.63,16.42
2017-05-04,29.88,7.61,6.93,7.83,16.78
2017-05-05,29.06,9.08,6.94,7.56,17.13
2017-05-06,29.66,6.89,7.24,7.97,16.17
2017-05-07,30.78,9.28,7.19,7.19,16.45
2017-05-08,32.42,9.65,6.8,7.6,16.56
2017-05-09,32.16,8.77,7.16,7.0,16.76
2017-05-10,24.69,10.89,7.76,8.62,17.95
2017-05-11,31.79,5.88,7.28,7.08,15.96
2017-05-12,28.78,6.76,6.59,7.72,16.51
2017-05-13,30.55,5.34,6.84,8.98,17.28
2017-05-14,27.87,6.32,7.07,7.04,16.79
2017-05-15,29.1,5.87,7.29,8.09,17.14
2017-05-16,28.86,6.67,7.14,7.23,17.22
2017-05-17,31.11,5.57,7.19,6.98,15.61
2017-05-18,29.62,9.12,6.96,6.69,15.76
2017-05-19,32.19,6.0,7.18,6.77,15.85
2017-05-20,32.23,6.27,7.28,7.41,15.59
2017-05-21,30.0,10.18,7.4,6.86,16.15
2017-05-22,33.25,11.2,6.89,8.01,16.27
2017-05-23,32.39,6.09,7.42,7.04,15.89
2017-05-24,28.72,58.61,6.96,8.7,17.76
2017-05-25,33.32,6.46,7.14,7.08,15.92
2017-05-26,32.24,5.61,7.0,6.58,16.45
2017-05-27,35.96,11.35,7.36,7.42,15.4
2017-05-28,32.6,9.96,6.86,6.78,16.12
2017-05-29,33.82,8.4,7.06,6.55,15.6
2017-05-30,32.82,69.26,6.96,7.05,17.32
2017-05-31,32.29,68.66,6.88,6.91,15.94
2017-06-01,30.81,79.27,7.39,7.64,15.9
2017-06-02,30.96,87.14,7.34,6.94,16.6
2017-06-03,32.34,93.04,7.08,7.31,17.16
2017-06-04,38.14,72.27,7.19,6.25,15.21
2017-06-05,32.8,85.54,7.53,6.87,17.04
2017-06-06,31.89,66.86,6.59,7.98,17.85
2017-06-07,31.67,53.79,7.37,7.36,17.01
2017-06-08,31.24,92.11,7.01,,18.15
2017-06-09,33.74,105.98,6.98,6.33,17.88
2017-06-10,27.51,93.63,6.5,7.76,17.35
2017-06-11,33.48,70.65,7.3,7.27,17.48
2017-06-12,31.61,64.16,7.01,7.8,18.32
2017-06-13,30.85,91.62,7.29,8.17,17.28
2017-06-14,32.61,69.99,6.46,7.45,17.08
2017-06-15,32.23,153.32,7.09,7.11,19.25
2017-06-16,32.97,234.67,6.4,7.05,20.85
2017-06-17,32.08,74.35,6.6,7.31,17.95
2017-06-18,32.74,53.0,7.09,6.64,16.4
2017-06-19,34.03,113.91,6.53,7.12,17.93
2017-06-20,33.51,90.23,7.44,7.19,16.69
2017-06-21,34.78,223.39,7.7,7.06,19.07
2017-06-22,29.25,168.57,6.79,6.88,20.5
2017-06-23,32.68,65.41,,6.85,18.29
2017-06-24,34.99,102.14,7.15,7.2,17.33
2017-06-25,30.89,87.56,7.01,7.17,18.23
2017-06-26,32.88,200.29,6.58,8.05,19.28
2017-06-27,29.81,76.45,7.25,7.39,16.98
2017-06-28,,61.23,6.79,6.93,17.74
2017-06-29,33.29,146.38,7.03,7.37,19.27
2017-06-30,29.83,143.32,7.02,7.17,17.74
2017-07-01,31.85,53.45,7.16,7.83,16.29
2017-07-02,34.82,188.16,7.04,7.42,18.27
2017-07-03,32.79,96.69,7.3,7.2,17.19
2017-07-04,33.23,84.94,6.75,6.21,16.11
2017-07-05,38.09,50.43,7.2,6.25,16.04
2017-07-06,30.99,93.01,6.83,8.08,17.04
2017-07-07,28.84,77.26,7.33,7.85,17.26
2017-07-08,31.38,92.07,6.58,7.49,15.98
2017-07-09,31.33,52.52,6.26,7.25,17.33
2017-07-10,31.14,146.34,6.54,7.09,17.47
2017-07-11,33.42,93.56,6.95,6.3,17.06
2017-07-12,33.08,56.21,7.42,7.55,15.29
2017-07-13,34.37,122.22,6.88,6.64,17.27
2017-07-14,32.88,114.63,6.3,7.01,15.14
2017-07-15,35.43,59.42,7.05,7.22,16.54
2017-07-16,31.29,57.45,7.5,8.48,15.43
2017-07-17,34.07,94.26,6.92,7.88,16.68
2017-07-18,32.63,162.57,7.44,7.68,17.4
2017-07-19,33.26,147.94,7.2,6.97,17.23
2017-07-20,31.51,77.06,6.8,6.94,15.9
2017-07-21,33.78,79.16,6.48,7.35,15.93
2017-07-22,30.98,118.22,7.35,7.22,15.72
2017-07-23,31.26,53.27,7.22,7.56,15.34
2017-07-24,33.14,87.49,6.52,7.44,15.44
2017-07-25,34.59,50.81,6.67,7.35,14.48
2017-07-26,33.66,131.28,6.68,7.55,17.61
2017-07-27,34.49,67.46,6.84,6.71,15.61
2017-07-28,31.42,135.18,6.44,8.36,16.63
2017-07-29,33.66,136.79,6.71,6.72,16.51
2017-07-30,29.06,67.21,6.9,8.55,14.3
2017-07-31,31.48,54.7,6.8,7.26,15.44
2017-08-01,29.96,91.41,6.86,7.59,14.73
2017-08-02,31.72,310.74,7.34,6.52,19.7
2017-08-03,28.16,114.23,7.16,7.81,16.46
2017-08-04,30.17,58.96,6.85,7.31,15.64
2017-08-05,29.53,78.09,7.13,7.38,16.5
2017-08-06,31.01,84.97,6.34,7.71,14.93
2017-08-07,31.82,137.4,7.35,6.5,15.17
2017-08-08,27.79,213.0,6.92,7.75,17.46
2017-08-09,30.94,78.39,6.55,7.16,17.81
2017-08-10,28.75,124.36,6.66,7.08,16.04
2017-08-11,32.01,82.91,7.22,7.6,14.32
2017-08-12,29.88,106.36,6.81,7.93,15.39
2017-08-13,33.67,58.68,6.55,6.47,12.9
2017-08-14,29.48,62.86,7.05,7.6,15.15
2017-08-15,27.96,170.17,7.24,6.76,17.99
2017-08-16,28.31,93.15,6.88,,15.02
2017-08-17,27.52,146.87,7.35,7.48,16.2
2017-08-18,28.96,122.89,7.26,7.41,14.5
2017-08-19,29.25,58.09,6.65,8.04,14.35
2017-08-20,29.93,83.84,7.2,7.12,13.46
2017-08-21,28.81,51.93,6.81,7.96,13.55
2017-08-22,29.96,76.9,7.36,7.2,14.85
2017-08-23,28.27,73.85,6.84,7.0,15.35
2017-08-24,30.5,149.39,6.58,8.12,16.86
2017-08-25,26.93,54.91,7.33,6.82,14.17
2017-08-26,29.61,68.56,7.48,7.73,14.18
2017-08-27,29.7,122.05,6.82,7.74,15.06
2017-08-28,24.17,50.36,6.61,8.39,12.6
2017-08-29,31.66,206.16,7.31,7.6,16.51
2017-08-30,26.43,56.76,7.29,8.56,13.31
2017-08-31,26.24,96.03,6.96,8.48,14.43
2017-09-01,32.1,137.99,6.88,7.66,15.04
2017-09-02,29.41,68.06,7.09,6.95,13.72
2017-09-03,27.12,54.35,6.76,8.69,14.64
2017-09-04,28.07,119.25,7.2,7.95,14.98
2017-09-05,25.97,115.74,6.55,7.57,15.69
2017-09-06,27.09,60.63,7.26,7.6,13.78
2017-09-07,27.76,118.85,6.81,7.95,15.71
2017-09-08,26.92,257.77,7.0,8.03,17.91
2017-09-09,29.24,94.19,6.51,7.32,14.34
2017-09-10,31.22,104.48,6.31,8.2,13.32
2017-09-11,30.59,51.03,6.78,7.97,13.7
2017-09-12,29.1,83.06,7.01,7.69,14.31
2017-09-13,28.23,170.86,6.92,8.69,15.87
2017-09-14,26.4,164.76,7.1,7.69,16.0
2017-09-15,25.21,98.8,6.41,7.31,16.03
2017-09-16,30.83,90.68,7.31,8.0,13.78
2017-09-17,25.61,208.35,6.18,7.18,16.97
2017-09-18,27.21,56.8,7.15,8.36,13.46
2017-09-19,23.74,81.54,7.21,8.02,14.7
2017-09-20,27.33,76.22,7.07,8.22,14.91
2017-09-21,27.68,169.01,7.53,8.25,16.48
2017-09-22,25.2,53.65,6.23,8.17,13.39
2017-09-23,25.45,105.63,6.47,8.81,14.53
2017-09-24,26.61,105.29,7.29,7.47,16.1
2017-09-25,26.12,120.08,7.09,8.93,14.22
2017-09-26,25.0,213.99,7.07,8.39,16.58
2017-09-27,19.88,68.88,7.41,8.21,14.77
2017-09-28,28.3,112.09,7.28,7.6,15.92
2017-09-29,23.51,82.99,6.76,8.84,13.65
2017-09-30,25.02,289.49,6.72,8.0,17.72
2017-10-01,24.02,125.73,6.57,7.23,15.78
2017-10-02,29.85,91.04,7.01,6.86,14.45
2017-10-03,25.08,57.03,7.4,7.52,14.64
2017-10-04,22.56,185.9,7.01,7.96,15.56
2017-10-05,26.95,80.47,6.85,7.84,13.47
2017-10-06,24.97,91.71,6.69,7.8,13.92
2017-10-07,23.96,50.47,7.18,8.13,15.38
2017-10-08,23.34,97.49,6.37,7.78,15.71
2017-10-09,24.07,177.17,6.69,8.03,16.2
2017-10-10,24.48,172.87,7.1,7.91,16.12
2017-10-11,22.37,52.24,7.02,7.45,14.6
2017-10-12,24.62,50.02,6.69,7.88,12.28
2017-10-13,20.62,216.1,6.67,8.41,16.97
2017-10-14,22.46,54.97,7.21,8.9,14.54
2017-10-15,20.59,85.07,7.16,8.5,14.68
2017-10-16,23.93,54.06,7.23,7.48,14.58
2017-10-17,18.28,101.0,6.94,7.84,15.64
2017-10-18,24.62,51.59,6.8,7.09,13.36
2017-10-19,21.38,383.5,,8.68,20.22
2017-10-20,22.83,82.92,6.51,8.57,15.26
2017-10-21,22.91,62.12,6.61,8.22,14.02
2017-10-22,19.7,52.55,6.79,8.76,15.14
2017-10-23,21.76,109.19,7.18,7.45,14.76
2017-10-24,18.66,111.32,6.25,8.49,15.16
2017-10-25,27.98,59.22,6.92,7.85,13.38
2017-10-26,20.84,88.89,7.55,7.26,17.31
2017-10-27,26.94,60.48,6.93,8.36,14.68
2017-10-28,21.85,5.77,6.75,7.1,13.06
2017-10-29,19.66,8.38,7.05,8.55,13.16
2017-10-30,18.94,5.6,7.36,8.31,12.57
2017-10-31,20.83,14.97,7.01,8.3,13.62
2017-11-01,18.72,5.41,7.25,7.68,13.62
2017-11-02,18.35,11.64,6.82,8.84,12.9
2017-11-03,17.7,6.76,6.36,10.19,12.57
2017-11-04,18.73,5.54,6.83,8.93,12.06
2017-11-05,17.7,8.8,6.46,8.58,12.18
2017-11-06,22.84,7.02,7.37,7.93,11.91
2017-11-07,18.92,6.97,6.79,8.29,12.74
2017-11-08,20.85,7.49,6.73,7.61,12.56
2017-11-09,18.38,9.61,7.1,9.0,12.07
2017-11-10,16.96,6.53,7.5,7.67,12.28
2017-11-11,19.35,7.81,7.21,8.79,13.13
2017-11-12,16.56,219.86,7.32,7.59,17.05
2017-11-13,23.78,5.08,6.99,7.13,12.02
2017-11-14,19.13,9.11,6.67,8.19,13.53
2017-11-15,19.6,14.89,7.14,7.71,12.29
2017-11-16,21.48,5.49,7.06,8.15,12.91
2017-11-17,20.22,15.73,7.6,8.56,12.16
2017-11-18,18.88,7.38,7.18,8.74,12.41
2017-11-19,17.89,6.64,7.25,8.63,14.68
2017-11-20,24.71,12.83,7.08,8.71,13.6
2017-11-21,23.02,6.8,7.21,8.05,12.4
2017-11-22,21.24,12.25,7.0,7.83,12.12
2017-11-23,16.2,5.38,6.87,9.23,12.83
2017-11-24,19.1,8.15,7.04,9.69,12.93
2017-11-25,15.83,9.25,6.93,9.22,13.69
2017-11-26,16.89,12.65,7.1,8.76,13.08
2017-11-27,16.02,31.69,7.04,9.72,14.22
2017-11-28,18.75,11.68,7.15,9.62,13.5
2017-11-29,21.38,9.43,6.83,8.58,12.91
2017-11-30,19.2,5.75,7.09,8.08,13.36
2017-12-01,19.79,7.32,7.05,8.76,12.68
2017-12-02,15.76,7.25,6.81,8.82,13.87
2017-12-03,17.28,7.32,6.52,8.74,13.53
2017-12-04,18.26,6.03,7.33,9.76,13.74
2017-12-05,17.51,18.89,7.29,10.0,13.69
2017-12-06,17.11,7.37,7.03,7.81,13.26
2017-12-07,14.42,6.08,6.87,8.34,13.71
2017-12-08,19.36,5.45,6.49,8.97,13.76
2017-12-09,19.49,8.89,7.37,8.61,13.29
2017-12-10,17.53,7.65,7.46,9.44,14.16
2017-12-11,16.75,13.81,7.26,8.86,14.4
2017-12-12,22.72,13.3,7.18,8.25,14.1
2017-12-13,16.66,5.59,7.72,8.42,14.08
2017-12-14,19.08,5.45,6.85,8.88,13.02
2017-12-15,17.68,8.21,7.14,8.09,13.42
2017-12-16,14.6,86.09,7.4,9.15,16.43
2017-12-17,14.65,8.56,6.8,8.97,14.6
2017-12-18,17.27,158.95,7.09,8.69,16.79
2017-12-19,17.32,9.5,7.22,8.88,13.9
2017-12-20,15.97,10.55,7.07,8.45,14.89
2017-12-21,21.8,6.13,6.74,8.84,13.33
2017-12-22,18.06,5.82,6.74,9.1,13.83
2017-12-23,18.18,18.34,6.9,8.3,15.43
2017-12-24,20.12,11.46,6.77,8.08,13.55
2017-12-25,17.65,9.21,6.84,8.33,15.4
2017-12-26,19.21,18.66,6.83,8.34,14.61
2017-12-27,16.99,7.51,7.2,8.83,14.43
2017-12-28,14.06,8.36,7.08,8.71,14.4
2017-12-29,18.46,32.03,7.13,7.91,14.84
2017-12-30,13.65,21.93,7.03,8.17,15.76
2017-12-31,14.37,12.8,6.47,9.42,14.0
2018-01-01,14.31,17.55,6.88,10.19,14.91
2018-01-02,15.14,17.2,7.46,8.62,15.1
2018-01-03,19.64,10.72,6.96,8.02,14.88
2018-01-04,18.98,7.1,7.2,7.7,14.01
2018-01-05,16.01,6.31,6.89,8.16,15.82
2018-01-06,14.52,5.05,6.59,9.09,15.74
2018-01-07,21.17,7.94,7.17,9.46,14.16
2018-01-08,16.07,8.01,7.17,8.35,15.18
2018-01-09,19.94,8.5,7.01,8.74,15.71
2018-01-10,13.72,17.97,6.98,8.77,15.36
2018-01-11,16.23,9.07,7.39,9.39,14.2
2018-01-12,18.75,5.78,6.66,9.51,14.74
2018-01-13,15.49,5.5,7.17,9.28,15.31
2018-01-14,17.97,6.11,7.15,8.96,16.18
2018-01-15,14.81,5.78,6.75,8.12,16.09
2018-01-16,12.84,11.15,6.88,9.02,15.39
2018-01-17,18.03,12.83,6.7,8.77,15.43
2018-01-18,21.45,15.69,7.11,7.97,15.39
2018-01-19,22.21,5.19,6.77,8.24,15.09
2018-01-20,15.39,19.18,7.13,9.37,16.6
2018-01-21,15.68,6.42,7.19,8.77,15.11
2018-01-22,18.91,8.62,7.2,8.84,16.26
2018-01-23,16.11,7.27,6.73,8.45,15.57
2018-01-24,19.43,5.66,6.97,8.25,16.01
2018-01-25,17.98,7.71,7.23,9.13,15.5
2018-01-26,21.93,6.5,6.76,8.23,16.44
2018-01-27,16.21,18.47,7.66,9.08,16.48
2018-01-28,15.06,8.13,6.86,9.06,15.51
2018-01-29,16.9,11.17,7.34,8.9,16.08
2018-01-30,17.48,16.59,6.85,8.54,17.27
2018-01-31,18.71,5.19,6.83,9.12,16.46
2018-02-01,14.87,6.6,6.69,10.06,16.87
2018-02-02,18.23,7.43,6.9,7.81,17.16
2018-02-03,21.48,11.95,6.83,8.66,15.64
2018-02-04,14.79,8.99,7.35,8.84,16.26
2018-02-05,19.11,11.49,6.8,9.64,15.86
2018-02-06,18.63,19.14,7.13,8.51,16.08
2018-02-07,21.16,31.67,7.1,7.75,16.96
2018-02-08,22.14,13.83,6.99,7.8,17.31
2018-02-09,20.77,6.66,6.72,7.51,16.39
2018-02-10,17.15,11.38,7.09,9.15,16.52
2018-02-11,19.72,7.81,7.02,8.45,16.32
2018-02-12,19.18,7.04,7.16,9.06,17.39
2018-02-13,20.17,5.13,6.96,8.37,17.0
2018-02-14,19.74,15.42,6.51,8.81,16.5
2018-02-15,16.54,14.18,6.5,8.74,16.41
2018-02-16,14.82,7.71,6.89,8.7,17.94
2018-02-17,20.61,14.73,6.85,8.92,16.26
2018-02-18,17.73,22.82,6.77,8.34,16.93
2018-02-19,15.28,17.4,7.1,8.42,16.97
2018-02-20,16.87,11.79,6.7,8.46,17.07
2018-02-21,19.23,21.58,6.62,7.97,17.54
2018-02-22,18.4,6.15,6.86,8.68,16.92
2018-02-23,20.47,9.96,6.29,8.97,16.3
2018-02-24,19.83,5.62,7.09,8.86,16.09
2018-02-25,18.66,10.34,6.9,8.52,16.62
2018-02-26,21.35,5.61,7.4,8.84,17.29
2018-02-27,18.61,12.43,7.11,8.61,17.14
2018-02-28,23.23,6.46,6.64,8.71,16.85
2018-03-01,23.43,5.54,7.15,7.55,17.52
2018-03-02,24.12,7.52,7.26,8.16,16.53
2018-03-03,24.52,9.28,7.04,7.87,16.92
2018-03-04,20.52,10.32,7.24,8.28,17.17
2018-03-05,21.42,25.93,6.76,8.65,17.7
2018-03-06,24.58,5.17,7.38,7.7,17.24
2018-03-07,19.72,5.25,7.21,8.27,16.66
2018-03-08,22.31,8.89,6.2,8.31,16.65
2018-03-09,18.72,17.1,6.75,8.62,18.11
2018-03-10,22.8,6.38,6.78,8.17,17.66
2018-03-11,23.5,14.75,7.42,8.05,17.89
2018-03-12,22.22,8.73,7.21,8.39,18.06
2018-03-13,22.12,25.67,6.6,9.36,17.34
2018-03-14,22.84,6.32,7.35,8.34,16.19
2018-03-15,22.08,6.59,7.07,9.09,17.45
2018-03-16,,10.78,6.92,7.83,16.68
2018-03-17,25.86,10.22,6.81,7.66,16.78
2018-03-18,19.52,9.34,7.52,9.0,17.65
2018-03-19,23.06,27.26,6.49,7.79,17.55
2018-03-20,21.74,24.2,7.06,8.67,18.44
2018-03-21,21.0,16.73,7.66,8.78,17.37
2018-03-22,25.77,8.64,7.71,6.73,16.85
2018-03-23,24.45,7.59,6.99,8.24,18.08
2018-03-24,22.68,10.09,7.13,8.04,17.02
2018-03-25,22.48,6.33,6.88,8.05,17.33
2018-03-26,21.93,6.89,7.54,7.82,18.23
2018-03-27,25.38,10.0,6.72,8.09,17.18
2018-03-28,22.91,12.12,7.1,7.57,18.25
2018-03-29,24.32,24.65,7.09,8.48,17.37
2018-03-30,26.41,31.96,6.19,,16.41
2018-03-31,25.03,12.32,6.97,8.65,18.12
2018-04-01,25.24,21.14,6.97,7.84,17.61
2018-04-02,21.95,6.2,7.02,8.26,16.88
2018-04-03,22.73,7.28,7.06,7.67,16.89
2018-04-04,26.92,7.04,7.05,8.46,17.73
2018-04-05,23.27,6.74,7.35,8.13,17.77
2018-04-06,25.32,8.31,7.36,8.58,16.22
2018-04-07,25.69,14.12,6.88,8.3,17.52
2018-04-08,26.0,14.29,6.9,7.48,17.19
2018-04-09,25.9,17.63,7.3,8.43,17.6
2018-04-10,24.06,9.32,7.5,7.4,16.25
2018-04-11,26.84,8.2,6.79,7.58,17.12
2018-04-12,29.27,15.57,7.15,7.72,17.45
2018-04-13,26.52,9.69,7.31,7.79,17.49
2018-04-14,25.31,7.94,6.55,8.3,16.87
2018-04-15,27.28,6.14,6.85,7.73,16.94
2018-04-16,27.83,6.5,7.09,8.25,17.07
2018-04-17,27.29,11.67,7.48,7.77,16.89
2018-04-18,27.75,9.7,7.12,7.87,15.93
2018-04-19,25.49,12.51,7.54,7.87,16.42
2018-04-20,30.88,6.73,6.75,7.3,17.14
2018-04-21,27.16,23.02,6.89,7.79,16.57
2018-04-22,24.74,16.9,7.21,8.59,17.83
2018-04-23,24.67,14.93,6.79,9.16,16.78
2018-04-24,30.38,8.32,7.11,7.59,15.89
2018-04-25,24.02,5.57,6.47,7.79,16.48
2018-04-26,25.45,10.26,6.86,8.8,15.94
2018-04-27,27.48,17.74,6.88,7.52,16.91
2018-04-28,34.5,9.91,6.97,6.77,16.19
2018-04-29,28.65,6.45,6.66,7.2,16.37
2018-04-30,29.38,171.04,7.55,7.76,19.15
2018-05-01,30.77,7.28,6.47,7.11,15.99
2018-05-02,32.77,80.01,6.74,7.44,17.79
2018-05-03,27.56,10.11,7.74,7.49,16.87
2018-05-04,27.69,9.21,6.74,7.35,16.65
2018-05-05,31.08,7.05,7.19,7.87,16.32
2018-05-06,29.67,12.06,7.36,6.54,16.28
2018-05-07,28.04,7.95,7.21,7.36,18.85
2018-05-08,28.51,7.01,6.64,7.22,16.69
2018-05-09,25.43,29.13,6.74,8.8,18.54
2018-05-10,26.74,5.33,6.43,7.23,16.19
2018-05-11,30.51,6.31,6.75,,16.41
2018-05-12,28.0,120.34,6.81,8.17,18.64
2018-05-13,31.1,14.42,6.86,6.81,16.08
2018-05-14,28.64,9.87,6.73,7.29,16.78
2018-05-15,32.6,10.01,6.61,8.12,15.97
2018-05-16,31.08,18.57,6.81,7.61,16.1
2018-05-17,26.6,5.88,6.6,7.81,15.54
2018-05-18,29.19,8.93,7.26,8.02,16.31
2018-05-19,33.74,5.25,6.86,6.91,16.17
2018-05-20,30.09,11.38,7.29,6.59,16.46
2018-05-21,27.36,5.53,7.27,7.58,16.31
2018-05-22,28.46,7.98,7.35,7.15,14.95
2018-05-23,31.4,92.18,7.54,7.74,17.45
2018-05-24,31.49,16.53,6.82,7.47,15.92
2018-05-25,29.87,5.28,7.58,7.27,15.46
2018-05-26,31.09,5.8,7.59,7.45,15.02
2018-05-27,31.77,15.19,7.71,6.96,16.28
2018-05-28,35.5,7.59,7.26,7.15,14.81
2018-05-29,29.45,6.45,6.55,7.31,15.38
2018-05-30,33.76,108.51,6.83,6.59,18.66
2018-05-31,31.28,139.13,6.85,7.23,18.1
2018-06-01,31.09,93.21,6.75,7.31,17.27
2018-06-02,32.09,120.41,7.02,8.02,18.32
2018-06-03,33.79,264.94,7.63,7.34,20.32
2018-06-04,36.6,138.36,6.18,7.33,18.59
2018-06-05,32.39,138.03,6.87,8.07,18.71
2018-06-06,32.12,62.9,7.08,7.81,18.2
2018-06-07,30.9,162.0,7.07,7.22,18.69
2018-06-08,34.36,182.44,6.91,7.24,19.62
2018-06-09,29.14,220.09,7.17,6.95,20.02
2018-06-10,34.39,96.98,7.12,7.13,18.48
2018-06-11,31.96,90.69,6.99,8.07,18.49
2018-06-12,31.13,56.19,7.04,7.2,17.28
2018-06-13,35.8,69.93,6.38,6.23,16.83
2018-06-14,34.1,100.73,7.38,7.37,18.05
2018-06-15,33.36,64.53,7.37,7.01,16.52
2018-06-16,32.99,59.04,6.43,7.23,18.17
2018-06-17,31.79,99.72,7.5,7.66,16.56
2018-06-18,38.2,66.89,6.98,6.57,16.41
2018-06-19,33.02,65.91,6.91,6.23,16.18
2018-06-20,28.11,91.54,7.11,8.35,16.84
2018-06-21,34.99,80.28,6.87,6.58,17.17
2018-06-22,32.02,236.63,6.75,7.06,19.66
2018-06-23,35.6,203.01,6.42,7.04,19.24
2018-06-24,32.78,92.85,6.94,7.03,17.43
2018-06-25,31.64,177.87,6.82,7.07,19.18
2018-06-26,26.52,64.61,7.12,8.0,16.82
2018-06-27,34.15,73.1,6.2,7.43,16.56
2018-06-28,31.23,70.62,7.2,7.96,16.1
2018-06-29,31.28,75.46,6.88,7.65,17.44
2018-06-30,31.51,83.46,6.97,7.89,17.95
2018-07-01,32.03,187.89,6.93,7.98,19.0
2018-07-02,35.37,57.28,6.71,7.12,16.48
2018-07-03,34.46,193.5,6.72,6.02,19.19
2018-07-04,32.43,96.17,6.39,7.22,16.75
2018-07-05,34.48,74.96,7.09,7.94,15.24
2018-07-06,33.26,64.03,7.02,6.3,15.76
2018-07-07,33.53,104.08,7.45,8.33,16.29
2018-07-08,30.37,213.04,6.88,7.17,20.63
2018-07-09,30.71,76.31,6.48,7.33,17.12
2018-07-10,32.89,59.26,6.66,7.29,16.82
2018-07-11,30.82,169.83,7.51,7.1,18.31
2018-07-12,32.36,65.8,7.08,7.61,15.3
2018-07-13,31.14,63.19,6.81,7.33,15.29
2018-07-14,28.98,56.05,6.56,8.13,16.04
2018-07-15,34.23,195.6,7.55,6.79,20.15
2018-07-16,36.72,128.49,7.0,6.75,16.0
2018-07-17,34.47,143.72,7.02,7.14,16.15
2018-07-18,29.25,164.86,7.07,8.03,18.26
2018-07-19,35.52,82.31,6.79,6.91,15.54
2018-07-20,31.05,50.95,7.41,8.38,14.71
2018-07-21,35.06,109.97,6.68,7.43,15.52
2018-07-22,26.61,61.12,6.81,7.9,16.23
2018-07-23,30.82,123.66,6.68,7.09,16.33
2018-07-24,31.5,80.23,7.1,7.86,16.67
2018-07-25,30.26,57.89,6.71,7.59,14.64
2018-07-26,30.07,113.55,7.46,7.67,14.86
2018-07-27,33.52,113.92,6.96,7.39,15.78
2018-07-28,34.55,75.88,7.12,8.52,15.6
2018-07-29,36.87,198.51,7.42,6.93,16.88
2018-07-30,31.99,143.71,6.48,7.0,16.64
2018-07-31,33.7,59.0,6.73,6.72,13.63
2018-08-01,30.13,90.51,7.43,7.24,15.36
2018-08-02,34.49,61.76,7.26,6.46,15.47
2018-08-03,30.27,70.6,7.2,7.99,15.39
2018-08-04,35.17,74.43,6.86,7.09,14.38
2018-08-05,30.85,106.04,6.43,7.65,16.52
2018-08-06,32.71,102.66,7.12,7.07,15.25
2018-08-07,30.99,54.07,7.09,7.24,14.05
2018-08-08,32.28,86.71,7.25,6.62,14.42
2018-08-09,31.41,87.89,6.45,7.55,14.96
2018-08-10,29.97,52.57,7.17,7.45,13.78
2018-08-11,29.6,154.5,7.5,6.6,16.25
2018-08-12,33.16,171.8,7.03,8.33,15.64
2018-08-13,32.53,74.67,6.73,6.8,12.76
2018-08-14,31.9,67.9,6.47,6.6,13.26
2018-08-15,27.97,85.51,7.05,8.28,15.12
2018-08-16,30.52,53.68,6.7,7.55,12.88
2018-08-17,32.2,89.82,7.01,7.56,14.05
2018-08-18,29.03,142.96,7.28,7.8,16.4
2018-08-19,31.58,67.17,6.72,7.87,14.23
2018-08-20,28.64,55.52,7.16,7.4,12.46
2018-08-21,28.25,69.19,7.35,7.17,13.87
2018-08-22,30.75,64.8,6.91,7.61,14.22
2018-08-23,32.54,50.99,6.67,7.93,12.95
2018-08-24,29.91,72.33,7.27,7.86,14.06
2018-08-25,29.03,55.6,7.19,8.01,13.4
2018-08-26,29.68,52.22,6.32,7.78,12.45
2018-08-27,28.68,77.9,6.04,7.68,12.49
2018-08-28,30.21,182.27,7.5,7.04,15.49
2018-08-29,26.23,58.74,7.24,7.48,13.38
2018-08-30,31.03,60.48,7.44,7.52,13.76
2018-08-31,25.81,97.13,6.71,7.65,14.25
2018-09-01,30.9,54.96,6.97,7.32,13.24
2018-09-02,28.28,79.07,7.34,7.05,13.5
2018-09-03,26.13,81.66,6.61,7.87,13.5
2018-09-04,31.36,137.64,7.39,8.33,15.71
2018-09-05,30.82,53.75,7.09,6.29,13.05
2018-09-06,30.64,160.82,6.54,7.26,15.38
2018-09-07,27.92,70.57,6.84,7.35,13.18
2018-09-08,25.79,57.19,7.05,7.66,13.36
2018-09-09,24.48,128.27,6.66,8.24,14.43
2018-09-10,24.84,73.54,6.81,7.41,13.25
2018-09-11,27.18,124.03,6.98,7.84,14.99
2018-09-12,28.85,84.01,7.17,8.06,13.9
2018-09-13,28.17,55.51,6.93,7.89,14.33
2018-09-14,,60.56,7.07,7.66,12.77
2018-09-15,25.82,70.05,7.43,7.38,12.84
2018-09-16,25.75,104.65,7.1,7.9,14.47
2018-09-17,26.87,84.76,6.87,7.65,13.11
2018-09-18,28.96,87.83,7.2,7.28,13.5
2018-09-19,25.64,62.74,6.8,8.26,13.35
2018-09-20,27.56,134.98,6.66,7.31,13.75
2018-09-21,27.78,126.31,6.71,7.28,14.86
2018-09-22,25.55,93.37,6.66,7.95,13.29
2018-09-23,26.29,51.21,6.38,7.98,13.65
2018-09-24,22.42,67.69,6.88,7.23,12.9
2018-09-25,25.33,90.15,7.34,8.08,14.63
2018-09-26,26.82,62.1,7.19,7.53,13.49
2018-09-27,21.44,90.47,6.8,8.15,14.85
2018-09-28,25.19,84.54,6.54,7.6,13.67
2018-09-29,27.14,81.03,7.23,7.47,13.76
2018-09-30,24.01,56.71,6.84,8.0,13.71
2018-10-01,26.4,96.39,7.24,7.29,14.05
2018-10-02,26.88,338.3,7.2,7.43,18.53
2018-10-03,27.87,62.53,6.99,7.88,12.35
2018-10-04,,100.26,7.1,7.73,14.78
2018-10-05,23.84,128.95,6.63,8.2,14.63
2018-10-06,27.58,72.73,6.57,7.93,13.32
2018-10-07,27.25,54.67,7.07,7.57,12.78
2018-10-08,24.27,50.75,6.5,9.43,13.48
2018-10-09,24.31,76.78,7.18,7.75,16.45
2018-10-10,24.53,91.04,6.76,8.41,14.4
2018-10-11,23.67,56.0,7.1,8.54,13.16
2018-10-12,23.59,95.32,7.04,7.44,13.86
2018-10-13,25.98,106.74,7.21,8.64,14.09
2018-10-14,28.42,123.73,6.48,8.1,13.85
2018-10-15,22.5,115.41,7.13,8.77,13.81
2018-10-16,22.49,144.18,6.72,8.3,16.36
2018-10-17,23.2,52.87,7.02,8.15,14.04
2018-10-18,22.91,70.18,6.76,8.25,13.99
2018-10-19,19.87,170.84,6.9,8.58,15.15
2018-10-20,20.76,95.7,6.8,8.34,14.31
2018-10-21,23.15,77.48,7.52,8.47,14.05
2018-10-22,22.47,160.95,6.88,7.96,15.47
2018-10-23,21.14,133.53,7.07,8.14,15.94
2018-10-24,23.83,141.21,7.35,7.61,14.56
2018-10-25,23.42,74.84,7.03,7.66,14.9
2018-10-26,18.29,151.97,6.85,8.99,17.85
2018-10-27,21.3,430.57,6.74,8.26,21.12
2018-10-28,21.27,11.78,6.71,7.74,13.21
2018-10-29,19.66,6.89,6.65,8.83,12.22
2018-10-30,19.11,6.74,7.47,9.23,12.98
2018-10-31,22.57,6.6,7.35,7.94,14.58
2018-11-01,19.94,10.0,7.9,8.65,12.34
2018-11-02,20.63,6.24,6.79,7.73,14.11
2018-11-03,17.47,19.44,7.27,7.81,16.97
2018-11-04,20.16,7.36,7.4,8.39,12.18
2018-11-05,20.2,6.47,7.17,7.98,11.85
2018-11-06,19.3,120.29,7.72,8.96,14.66
2018-11-07,20.91,20.77,7.17,8.24,12.45
2018-11-08,19.58,246.19,6.86,8.69,17.52
2018-11-09,20.62,7.54,7.22,8.7,11.42
2018-11-10,19.14,9.9,6.85,7.92,12.82
2018-11-11,21.63,8.16,6.97,6.99,11.65
2018-11-12,20.0,7.29,7.46,8.54,12.0
2018-11-13,18.5,11.36,6.87,8.66,14.57
2018-11-14,20.52,7.17,7.35,8.02,12.07
2018-11-15,18.07,28.04,6.97,9.68,15.9
2018-11-16,18.27,10.69,7.0,9.42,12.56
2018-11-17,17.78,6.06,6.79,8.87,12.78
2018-11-18,21.79,12.66,6.47,8.41,12.38
2018-11-19,21.55,6.51,6.7,7.34,12.32
2018-11-20,17.89,5.22,6.78,8.25,12.6
2018-11-21,17.25,42.11,7.07,8.94,13.8
2018-11-22,21.17,10.51,6.99,8.03,13.95
2018-11-23,19.32,10.02,6.75,8.55,12.45
2018-11-24,18.24,10.88,7.21,8.73,13.53
2018-11-25,17.88,18.17,7.31,8.66,12.96
2018-11-26,17.67,6.56,7.4,9.79,13.28
2018-11-27,13.58,19.82,6.83,8.24,12.7
2018-11-28,12.0,9.39,6.96,8.49,13.59
2018-11-29,17.37,10.91,7.45,8.6,13.84
2018-11-30,15.02,11.13,6.58,,12.96
2018-12-01,15.18,5.11,7.28,9.46,13.5
2018-12-02,16.73,9.42,6.79,8.29,12.56
2018-12-03,17.08,14.32,6.85,8.83,13.1
2018-12-04,18.23,19.21,6.7,7.93,13.79
2018-12-05,16.04,11.82,7.03,8.91,13.25
2018-12-06,19.64,6.29,7.2,7.5,13.05
2018-12-07,17.52,14.64,7.34,8.4,13.87
2018-12-08,16.57,9.74,7.23,7.85,13.1
2018-12-09,18.46,149.95,6.84,8.98,16.07
2018-12-10,17.59,9.18,6.95,8.87,13.24
2018-12-11,19.78,22.12,7.37,8.5,13.29
2018-12-12,14.2,8.6,6.74,9.26,13.67
2018-12-13,22.04,15.64,6.89,7.33,12.58
2018-12-14,18.68,15.59,6.94,8.55,13.3
2018-12-15,17.79,5.93,6.76,8.63,14.55
2018-12-16,16.42,16.21,6.96,8.76,15.46
2018-12-17,18.18,6.61,7.08,8.73,13.6
2018-12-18,13.58,6.52,7.79,9.26,13.14
2018-12-19,16.19,6.59,6.56,9.08,14.09
2018-12-20,,12.1,7.05,8.61,14.56
2018-12-21,13.5,16.75,6.7,8.6,14.39
2018-12-22,18.21,8.42,7.08,8.7,14.34
2018-12-23,22.44,12.01,6.87,8.13,14.52
2018-12-24,15.45,11.03,6.93,9.54,14.12
2018-12-25,19.57,10.59,6.5,8.55,14.32
2018-12-26,17.23,9.08,7.0,9.46,14.36
2018-12-27,18.39,12.39,7.2,8.5,14.13
2018-12-28,21.21,9.73,7.18,8.4,15.0
2018-12-29,17.08,9.06,7.66,8.41,13.83
2018-12-30,16.06,10.36,6.79,9.1,14.3
2018-12-31,15.63,7.04,7.22,9.21,14.98
2019-01-01,16.69,9.92,6.76,9.91,14.11
2019-01-02,19.2,16.01,6.8,8.45,14.69
2019-01-03,17.47,8.83,6.8,8.06,14.11
2019-01-04,10.79,7.53,7.02,9.71,15.36
2019-01-05,15.53,11.78,,8.13,14.52
2019-01-06,16.74,9.45,6.99,9.05,14.94
2019-01-07,14.87,7.68,6.43,10.32,15.28
2019-01-08,17.76,5.85,7.12,7.85,14.45
2019-01-09,17.06,7.64,6.81,9.31,15.36
2019-01-10,17.46,7.33,7.18,8.91,14.41
2019-01-11,17.36,10.35,6.62,9.28,14.63
2019-01-12,14.13,9.32,6.34,8.78,14.81
2019-01-13,13.37,8.51,7.19,10.35,15.37
2019-01-14,20.56,12.34,7.09,8.83,15.26
2019-01-15,13.38,13.67,6.55,9.23,15.05
2019-01-16,13.62,5.57,6.76,8.66,15.27
2019-01-17,20.24,13.75,7.21,8.75,15.14
2019-01-18,16.56,6.04,7.22,9.57,14.44
2019-01-19,20.46,9.28,7.15,8.24,15.59
2019-01-20,19.04,8.42,7.14,9.48,16.02
2019-01-21,16.56,7.62,7.24,8.67,16.08
2019-01-22,17.54,9.84,7.08,8.48,15.48
2019-01-23,17.77,5.9,7.03,8.09,16.33
2019-01-24,18.9,12.23,6.87,8.22,15.72
2019-01-25,14.95,6.4,6.96,8.91,16.18
2019-01-26,18.97,17.3,6.65,8.66,16.24
2019-01-27,16.67,7.57,7.12,9.22,15.83
2019-01-28,16.98,7.06,6.68,9.3,15.96
2019-01-29,15.06,9.46,7.04,8.58,16.38
2019-01-30,15.21,24.23,6.59,9.38,16.62
2019-01-31,19.1,18.48,6.52,8.81,16.0
2019-02-01,18.84,10.05,7.09,8.56,16.26
2019-02-02,13.64,9.99,7.5,10.2,15.62
2019-02-03,19.96,5.63,6.69,8.18,15.41
2019-02-04,19.3,10.71,7.1,8.47,15.11
2019-02-05,17.62,7.12,7.5,9.15,15.5
2019-02-06,19.0,14.95,6.95,9.48,16.41
2019-02-07,16.36,8.51,6.86,9.75,17.09
2019-02-08,22.82,5.74,7.14,8.35,15.84
2019-02-09,20.38,6.58,6.66,8.63,16.35
2019-02-10,15.67,8.65,6.6,8.23,16.9
2019-02-11,19.87,10.66,7.18,8.84,15.96
2019-02-12,16.01,6.3,6.98,8.55,16.82
2019-02-13,13.98,10.2,7.43,9.03,17.14
2019-02-14,19.2,10.59,6.92,8.09,16.61
2019-02-15,17.2,13.33,7.15,8.73,16.61
2019-02-16,22.74,6.54,6.78,8.82,17.09
2019-02-17,19.05,10.46,6.34,8.3,17.13
2019-02-18,18.47,5.03,6.81,9.04,16.85
2019-02-19,21.49,12.36,7.0,8.93,16.28
2019-02-20,21.95,5.84,6.84,7.81,15.45
2019-02-21,22.44,5.61,6.79,8.13,16.08
2019-02-22,22.66,10.44,6.82,,16.64
2019-02-23,21.25,10.17,7.25,7.9,16.78
2019-02-24,19.85,5.34,6.16,8.71,15.92
2019-02-25,19.52,20.52,7.0,7.77,16.98
2019-02-26,19.91,6.77,6.74,8.55,16.9
2019-02-27,21.27,8.87,7.24,8.92,16.61
2019-02-28,19.38,16.6,6.88,8.56,16.61
2019-03-01,23.78,14.47,6.57,9.0,16.89
2019-03-02,21.51,10.59,6.91,7.97,16.62
2019-03-03,19.4,165.99,7.0,7.43,20.16
2019-03-04,21.6,10.28,6.81,8.21,17.19
2019-03-05,25.11,5.63,6.36,7.64,16.14
2019-03-06,24.41,9.32,6.51,8.01,16.41
2019-03-07,20.75,10.68,7.31,8.23,16.54
2019-03-08,26.92,14.36,7.13,7.1,17.55
2019-03-09,16.86,16.08,6.77,8.92,17.24
2019-03-10,21.98,10.64,6.71,8.65,19.26
2019-03-11,20.55,15.79,7.21,8.96,17.29
2019-03-12,21.58,6.41,7.29,7.68,16.6
2019-03-13,25.42,7.24,7.34,8.6,16.12
2019-03-14,23.54,6.52,6.82,8.95,16.52
2019-03-15,24.94,7.27,7.06,6.9,16.66
2019-03-16,23.28,11.43,6.66,8.45,16.91
2019-03-17,24.48,13.09,6.65,8.09,16.93
2019-03-18,27.66,12.08,6.58,7.57,17.09
2019-03-19,21.22,209.3,6.79,8.95,21.73
2019-03-20,25.43,8.93,7.1,8.27,16.81
2019-03-21,21.34,9.98,7.26,8.5,16.56
2019-03-22,22.93,22.82,6.96,8.39,17.76
2019-03-23,24.12,11.76,6.33,8.36,16.65
2019-03-24,24.31,21.07,7.17,8.1,17.33
2019-03-25,18.15,10.01,6.66,9.32,17.31
2019-03-26,25.83,22.42,7.19,8.04,19.09
2019-03-27,25.05,12.14,7.43,7.56,17.54
2019-03-28,21.59,20.41,6.49,8.89,17.56
2019-03-29,25.83,6.1,7.04,7.76,17.13
2019-03-30,25.24,5.2,7.1,7.91,16.73
2019-03-31,31.13,6.87,7.27,7.16,16.52
2019-04-01,25.54,8.15,6.44,8.05,16.6
2019-04-02,28.05,12.6,6.56,7.76,17.28
2019-04-03,29.33,23.32,6.79,7.52,16.82
2019-04-04,21.46,12.23,6.91,8.66,17.19
2019-04-05,24.19,12.95,7.38,8.16,17.65
2019-04-06,27.59,11.16,6.61,7.71,16.42
2019-04-07,27.81,20.8,7.06,7.53,17.78
2019-04-08,24.34,7.78,7.2,7.89,17.45
2019-04-09,28.37,13.97,6.95,8.25,16.36
2019-04-10,23.78,7.23,7.07,8.46,16.8
2019-04-11,22.1,16.9,6.87,8.32,17.13
2019-04-12,24.15,15.7,6.46,8.71,17.56
2019-04-13,24.97,15.8,6.65,8.2,15.94
2019-04-14,25.0,16.12,6.99,8.07,17.36
2019-04-15,27.04,10.5,7.21,7.66,16.74
2019-04-16,27.97,14.53,7.08,7.84,16.54
2019-04-17,28.9,10.61,6.59,7.87,15.87
2019-04-18,26.5,15.82,6.82,8.2,16.94
2019-04-19,26.3,10.6,6.6,7.52,16.97
2019-04-20,27.39,5.92,6.91,7.59,16.68
2019-04-21,26.66,8.4,7.2,7.0,15.57
2019-04-22,27.49,13.69,6.8,6.95,15.65
2019-04-23,28.51,6.86,7.04,7.88,17.2
2019-04-24,28.6,6.24,6.75,8.17,16.44
2019-04-25,24.63,6.58,6.91,7.9,16.08
2019-04-26,29.43,8.86,6.81,8.05,16.19
2019-04-27,31.9,18.64,7.13,7.48,16.3
2019-04-28,28.41,18.57,6.92,7.19,16.0
2019-04-29,26.42,12.78,7.61,7.33,16.61
2019-04-30,28.56,5.97,7.06,7.16,16.3
2019-05-01,28.06,6.98,6.77,7.98,16.57
2019-05-02,27.27,237.05,6.75,7.4,19.81
2019-05-03,30.54,7.3,7.49,7.43,15.8
2019-05-04,30.02,6.45,6.75,7.61,15.46
2019-05-05,30.26,5.42,6.77,5.9,16.33
2019-05-06,30.48,8.64,7.41,7.52,16.25
2019-05-07,26.68,5.29,7.13,7.55,15.2
2019-05-08,28.22,10.01,7.15,7.82,16.01
2019-05-09,26.56,6.12,6.53,7.68,18.7
2019-05-10,29.39,16.91,6.91,8.21,16.44
2019-05-11,30.32,10.35,7.07,8.23,15.81
2019-05-12,27.48,12.83,6.8,8.12,15.77
2019-05-13,31.87,8.59,6.96,6.54,15.61
2019-05-14,29.69,13.45,6.6,6.97,16.19
2019-05-15,29.25,15.21,6.99,7.51,16.01
2019-05-16,31.51,10.68,6.69,7.77,15.23
2019-05-17,28.43,9.73,7.35,8.17,15.78
2019-05-18,33.1,10.35,6.92,7.29,16.91
2019-05-19,28.96,8.23,6.92,7.51,15.31
2019-05-20,31.88,7.83,6.94,8.24,15.72
2019-05-21,33.58,7.73,7.03,6.45,15.29
2019-05-22,31.47,8.75,7.01,6.41,17.22
2019-05-23,29.83,9.72,7.29,7.12,13.99
2019-05-24,30.73,16.87,6.98,7.29,15.64
2019-05-25,31.72,5.64,6.99,7.63,15.19
2019-05-26,30.74,5.51,7.15,8.05,14.69
2019-05-27,29.48,16.69,7.2,8.43,15.25
2019-05-28,32.45,12.77,6.64,7.44,15.67
2019-05-29,33.87,10.16,6.37,6.26,14.15
2019-05-30,34.63,82.94,6.84,6.7,15.5
2019-05-31,32.31,89.6,7.44,6.51,16.13
2019-06-01,32.6,70.85,7.22,7.01,15.61
2019-06-02,31.37,95.59,6.97,8.07,16.43
2019-06-03,29.22,57.6,7.44,7.8,16.39
2019-06-04,32.35,120.63,6.78,7.36,17.67
2019-06-05,31.62,145.34,6.71,8.63,17.72
2019-06-06,33.9,56.48,7.16,5.71,15.69
2019-06-07,32.95,195.07,6.18,7.62,19.23
2019-06-08,34.27,91.6,7.48,7.01,16.75
2019-06-09,31.85,64.63,7.34,7.98,16.51
2019-06-10,30.56,120.2,7.0,7.02,17.43
2019-06-11,34.38,58.22,6.79,7.18,16.85
2019-06-12,32.46,64.43,7.01,7.7,17.83
2019-06-13,30.74,52.28,7.53,7.27,16.75
2019-06-14,32.06,67.43,7.21,7.33,18.22
2019-06-15,32.03,103.39,6.87,7.06,17.76
2019-06-16,31.51,107.87,7.35,7.24,17.04
2019-06-17,32.41,174.93,6.98,6.4,18.97
2019-06-18,32.6,71.0,7.48,7.55,16.1
2019-06-19,30.8,97.56,6.54,6.18,16.21
2019-06-20,36.17,65.71,6.86,6.32,14.7
2019-06-21,34.97,53.84,6.45,7.13,15.8
2019-06-22,29.99,147.72,6.72,8.11,18.3
2019-06-23,31.68,92.7,7.36,6.88,16.5
2019-06-24,33.5,51.88,6.94,7.62,15.89
2019-06-25,29.96,58.97,7.05,6.62,15.8
2019-06-26,32.86,53.03,7.2,7.8,15.14
2019-06-27,34.05,123.95,6.5,6.68,15.92
2019-06-28,34.55,165.83,6.98,7.04,16.91
2019-06-29,32.39,58.03,6.77,7.93,15.47
2019-06-30,31.38,61.54,7.5,7.47,15.4
2019-07-01,31.33,56.45,6.67,8.75,15.16
2019-07-02,29.15,60.69,7.45,7.12,15.61
2019-07-03,32.5,79.83,6.42,8.0,16.04
2019-07-04,30.99,69.45,7.31,7.19,16.18
2019-07-05,32.06,88.11,6.91,6.87,17.08
2019-07-06,33.37,133.09,6.24,7.17,16.57
2019-07-07,31.62,91.65,7.1,8.31,15.32
2019-07-08,31.43,266.36,6.79,7.42,18.53
2019-07-09,33.78,67.55,7.25,7.62,15.45
2019-07-10,34.58,152.05,7.11,8.0,16.41
2019-07-11,35.05,62.75,6.97,6.85,14.35
2019-07-12,31.95,73.38,6.67,7.08,15.02
2019-07-13,33.04,92.16,6.52,6.8,16.38
2019-07-14,33.27,78.67,7.18,6.89,15.7
2019-07-15,33.81,119.52,6.94,7.43,18.2
2019-07-16,32.89,55.27,7.25,7.11,14.53
2019-07-17,34.58,105.53,7.07,6.76,16.71
2019-07-18,33.45,56.39,7.46,7.74,13.95
2019-07-19,33.24,50.75,7.06,7.2,14.26
2019-07-20,29.3,98.96,6.7,8.52,15.12
2019-07-21,32.5,62.21,7.35,7.1,14.18
2019-07-22,33.58,75.37,6.47,6.08,14.77
2019-07-23,31.71,163.03,6.95,8.17,16.02
2019-07-24,33.96,82.49,7.21,6.46,15.08
2019-07-25,33.04,63.13,7.11,7.18,13.91
2019-07-26,33.86,91.69,6.68,6.93,13.85
2019-07-27,33.31,76.9,6.83,6.72,14.61
2019-07-28,31.47,148.14,6.85,7.1,16.27
2019-07-29,32.87,113.98,6.49,7.65,15.23
2019-07-30,32.98,203.97,7.27,6.97,18.09
2019-07-31,32.44,80.17,6.59,7.12,14.11
2019-08-01,31.19,69.34,7.07,6.85,14.27
2019-08-02,31.54,174.46,7.33,7.0,16.07
2019-08-03,31.81,55.67,6.96,6.53,14.14
2019-08-04,32.76,196.68,6.82,7.41,17.2
2019-08-05,33.85,54.17,6.61,7.2,14.65
2019-08-06,31.32,151.94,7.22,7.74,16.78
2019-08-07,30.67,98.95,7.15,7.25,14.82
2019-08-08,31.08,93.01,6.79,7.37,14.51
2019-08-09,27.98,68.5,7.63,8.3,14.49
2019-08-10,33.32,89.21,7.04,7.26,14.53
2019-08-11,32.19,72.14,6.63,8.14,14.79
2019-08-12,30.64,254.44,6.75,7.19,16.81
2019-08-13,33.32,120.73,6.6,7.86,15.36
2019-08-14,28.82,91.56,6.95,7.8,15.27
2019-08-15,31.94,77.96,7.06,7.1,12.99
2019-08-16,28.47,208.29,6.92,7.55,16.64
2019-08-17,29.75,122.24,7.01,7.27,15.0
2019-08-18,32.23,91.76,6.57,6.42,13.89
2019-08-19,29.26,144.55,6.88,7.34,16.72
2019-08-20,31.03,103.85,7.17,7.08,15.11
2019-08-21,31.08,67.63,7.18,7.38,13.6
2019-08-22,28.16,135.76,7.28,7.66,14.52
2019-08-23,31.14,121.36,7.18,8.51,15.34
2019-08-24,29.49,275.83,7.1,8.69,17.86
2019-08-25,27.87,56.03,6.72,8.32,13.13
2019-08-26,27.94,145.61,7.07,7.75,15.94
2019-08-27,29.31,103.78,6.61,7.38,14.0
2019-08-28,28.43,57.43,6.18,6.85,13.11
2019-08-29,27.13,73.65,6.9,7.02,14.28
2019-08-30,31.48,148.61,6.53,6.32,15.37
2019-08-31,30.81,52.0,6.91,8.04,15.53
2019-09-01,29.15,83.16,6.86,7.87,13.24
2019-09-02,24.42,53.77,7.38,8.49,14.61
2019-09-03,23.09,94.98,7.13,8.25,14.71
2019-09-04,27.58,131.91,6.44,8.25,13.6
2019-09-05,30.51,56.99,6.81,7.54,13.25
2019-09-06,25.87,97.97,6.8,7.48,15.58
2019-09-07,32.21,55.36,6.97,7.24,11.76
2019-09-08,27.92,70.43,7.45,6.86,13.2
2019-09-09,28.48,55.9,7.02,7.9,12.69
2019-09-10,28.45,70.3,7.06,8.22,13.73
2019-09-11,28.08,129.85,7.46,8.0,13.81
2019-09-12,30.17,250.12,7.04,7.31,16.5
2019-09-13,26.25,52.01,7.38,7.41,13.01
2019-09-14,27.67,70.0,7.12,8.05,13.65
2019-09-15,25.11,83.45,7.48,7.79,12.54
2019-09-16,29.01,122.2,6.77,6.66,12.88
2019-09-17,26.86,64.81,7.09,9.08,12.93
2019-09-18,26.3,194.32,6.76,8.47,15.36
2019-09-19,26.14,85.17,7.13,8.16,14.75
2019-09-20,29.61,71.63,7.3,7.02,12.85
2019-09-21,23.79,50.42,6.9,8.35,12.75
2019-09-22,26.74,61.22,6.68,7.66,12.9
2019-09-23,26.3,157.02,7.01,7.5,15.08
2019-09-24,25.96,128.81,6.59,7.27,14.44
2019-09-25,28.35,81.46,6.63,7.87,13.92
2019-09-26,27.52,64.56,7.12,7.02,12.9
2019-09-27,26.69,57.85,7.2,7.49,13.16
2019-09-28,24.43,96.91,7.04,7.83,13.89
2019-09-29,26.81,52.57,6.85,7.11,11.92
2019-09-30,25.53,53.3,7.1,8.41,13.55
2019-10-01,26.4,84.73,6.47,7.15,13.37
2019-10-02,24.25,209.12,7.48,8.28,15.82
2019-10-03,26.39,137.86,7.11,7.31,14.31
2019-10-04,21.48,118.08,7.06,7.57,13.69
2019-10-05,26.09,62.04,7.1,7.98,12.58
2019-10-06,23.12,240.6,7.37,8.13,15.62
2019-10-07,26.03,80.7,7.15,8.31,12.38
2019-10-08,24.35,64.52,7.29,7.03,12.82
2019-10-09,22.77,139.44,6.79,8.16,16.0
2019-10-10,23.99,109.37,7.0,8.25,14.85
2019-10-11,22.01,62.83,6.86,7.46,13.19
2019-10-12,24.53,280.81,6.8,7.54,16.74
2019-10-13,22.44,90.07,6.89,8.77,15.98
2019-10-14,21.22,107.21,6.63,8.1,13.4
2019-10-15,22.22,138.64,6.93,7.86,14.93
2019-10-16,21.67,62.83,6.95,8.05,14.19
2019-10-17,21.1,53.85,6.88,8.67,14.5
2019-10-18,23.9,152.86,7.14,7.51,15.48
2019-10-19,21.75,278.13,7.25,9.05,19.67
2019-10-20,20.06,264.72,6.25,8.2,17.32
2019-10-21,23.15,165.45,7.3,7.58,15.72
2019-10-22,23.25,52.76,6.67,8.3,13.08
2019-10-23,24.54,64.73,7.27,7.98,12.68
2019-10-24,21.02,96.52,6.92,8.87,14.17
2019-10-25,19.55,67.08,6.99,8.86,15.67
2019-10-26,23.78,156.57,7.42,7.76,17.44
2019-10-27,22.84,74.37,7.09,8.12,15.6
2019-10-28,19.35,25.53,7.07,7.71,14.27
2019-10-29,21.38,7.94,6.84,8.71,12.51
2019-10-30,19.75,6.4,6.75,8.55,12.42
2019-10-31,21.67,7.94,7.26,8.05,13.47
2019-11-01,24.97,6.95,7.55,6.83,11.53
2019-11-02,20.41,10.55,7.39,8.01,12.74
2019-11-03,21.2,5.51,7.21,8.58,11.89
2019-11-04,21.88,21.94,7.13,7.78,11.79
2019-11-05,21.84,10.14,6.93,8.07,11.85
2019-11-06,20.48,12.61,6.78,8.88,12.26
2019-11-07,23.27,8.11,6.84,7.67,10.78
2019-11-08,19.24,12.09,6.85,7.98,11.8
2019-11-09,19.28,7.06,6.47,9.29,11.97
2019-11-10,21.24,11.63,6.55,7.38,11.33
2019-11-11,20.8,7.33,7.19,8.12,12.07
2019-11-12,22.1,7.09,6.77,7.87,12.18
2019-11-13,21.44,8.04,7.26,8.77,11.96
2019-11-14,17.35,11.89,7.14,9.54,12.63
2019-11-15,22.12,12.68,7.02,8.41,11.98
2019-11-16,15.89,13.43,6.98,9.16,12.21
2019-11-17,15.25,6.03,6.85,9.28,13.39
2019-11-18,19.36,12.47,6.93,8.15,12.27
2019-11-19,19.92,15.01,7.06,7.62,12.49
2019-11-20,17.59,10.94,6.67,8.63,11.34
2019-11-21,19.8,20.4,6.57,8.96,13.19
2019-11-22,16.03,18.51,6.98,9.01,12.52
2019-11-23,17.79,5.17,6.67,9.22,12.48
2019-11-24,20.42,6.44,6.91,8.64,11.63
2019-11-25,22.2,13.6,6.61,8.58,12.24
2019-11-26,16.49,12.59,6.59,8.63,11.88
2019-11-27,13.43,6.18,6.71,9.1,13.37
2019-11-28,19.62,5.88,7.09,9.24,12.61
2019-11-29,13.99,7.08,6.8,9.38,12.74
2019-11-30,17.97,11.73,7.39,8.37,12.44
2019-12-01,17.5,15.19,7.04,8.37,12.17
2019-12-02,23.0,7.03,6.85,8.06,12.26
2019-12-03,18.87,5.95,6.18,8.77,11.76
2019-12-04,16.15,7.61,6.92,8.29,11.83
2019-12-05,19.84,20.07,6.61,8.21,12.28
2019-12-06,18.2,8.64,7.34,7.81,12.39
2019-12-07,17.75,6.53,6.74,8.76,13.32
2019-12-08,15.44,14.67,6.81,8.21,13.05
2019-12-09,18.15,9.4,6.97,9.45,13.12
2019-12-10,15.47,10.28,6.85,9.27,13.35
2019-12-11,16.16,24.07,6.94,9.64,14.12
2019-12-12,14.6,13.44,7.07,8.73,14.96
2019-12-13,14.84,23.43,6.68,9.13,14.6
2019-12-14,15.68,9.08,6.92,8.76,13.61
2019-12-15,17.86,10.13,7.31,8.86,13.37
2019-12-16,18.25,38.35,7.02,8.67,14.53
2019-12-17,20.27,5.35,6.55,8.32,13.18
2019-12-18,18.55,8.36,6.97,9.09,12.23
2019-12-19,19.55,8.61,7.16,7.51,13.49
2019-12-20,19.7,9.9,7.28,8.26,13.05
2019-12-21,19.03,5.11,6.64,8.15,12.69
2019-12-22,14.12,17.95,7.04,9.67,14.02
2019-12-23,14.07,8.28,7.25,8.85,14.33
2019-12-24,20.31,10.87,6.84,8.87,13.58
2019-12-25,15.93,29.19,7.3,9.17,13.82
2019-12-26,17.13,5.59,6.59,9.13,13.54
2019-12-27,16.15,19.36,6.99,9.18,14.18
2019-12-28,18.54,373.93,7.12,8.78,20.5
2019-12-29,19.68,6.2,7.23,9.03,14.14
2019-12-30,12.33,27.68,7.33,9.54,15.66
2019-12-31,15.91,6.76,6.84,8.38,13.22
2020-01-01,17.85,8.52,7.6,8.58,14.75
2020-01-02,17.87,15.98,7.04,8.18,14.57
2020-01-03,17.7,9.38,7.01,8.46,14.49
2020-01-04,13.83,5.2,7.18,9.55,17.84
2020-01-05,15.24,26.88,6.81,9.78,15.67
2020-01-06,18.71,11.73,7.04,8.51,14.81
2020-01-07,18.31,10.89,7.02,9.16,14.81
2020-01-08,17.0,6.12,7.02,8.3,14.9
2020-01-09,14.58,7.64,6.88,8.96,14.62
2020-01-10,14.26,7.15,6.94,9.44,15.37
2020-01-11,14.52,19.38,7.47,8.79,14.56
2020-01-12,15.39,8.44,7.02,7.93,15.14
2020-01-13,18.34,6.38,7.02,8.19,14.8
2020-01-14,20.75,6.36,7.17,8.64,14.04
2020-01-15,20.8,36.85,6.7,8.02,14.37
2020-01-16,17.47,10.66,7.01,8.36,15.43
2020-01-17,14.85,5.39,6.78,9.07,14.47
2020-01-18,19.51,5.63,7.68,8.48,14.4
2020-01-19,17.95,12.08,6.6,7.7,14.31
2020-01-20,16.58,12.95,7.16,8.0,14.81
2020-01-21,15.72,5.28,6.98,8.94,14.57
2020-01-22,16.69,21.42,7.17,8.52,15.66
2020-01-23,21.01,16.38,7.6,7.32,14.96
2020-01-24,23.51,15.46,7.14,8.26,15.43
2020-01-25,17.31,16.6,7.06,8.55,15.29
2020-01-26,13.93,11.56,6.88,8.61,14.73
2020-01-27,17.56,6.6,7.28,8.45,15.52
2020-01-28,20.4,5.15,6.92,8.99,15.72
2020-01-29,15.62,6.12,7.38,9.82,15.58
2020-01-30,14.16,7.08,6.79,8.86,15.58
2020-01-31,17.52,6.24,6.97,9.34,15.09
2020-02-01,19.41,158.31,7.49,8.31,17.89
2020-02-02,18.98,12.47,6.65,9.55,15.88
2020-02-03,20.54,13.86,6.93,7.78,15.89
2020-02-04,19.55,17.67,7.02,8.05,15.41
2020-02-05,16.47,48.92,7.03,8.42,17.31
2020-02-06,18.64,6.44,,8.83,16.23
2020-02-07,19.97,20.73,7.65,7.53,15.67
2020-02-08,16.05,11.07,6.95,8.87,17.56
2020-02-09,20.83,10.01,6.98,8.83,15.0
2020-02-10,22.88,5.31,6.8,7.7,14.99
2020-02-11,19.21,16.93,6.41,8.9,16.22
2020-02-12,17.3,7.65,6.52,8.73,16.21
2020-02-13,20.53,8.44,7.55,8.29,15.02
2020-02-14,21.16,6.81,7.0,7.86,15.6
2020-02-15,16.31,7.79,6.62,8.32,16.29
2020-02-16,20.19,8.88,7.12,8.09,17.16
2020-02-17,21.39,26.02,7.05,8.26,16.44
2020-02-18,20.68,8.39,6.78,8.88,15.39
2020-02-19,20.71,6.15,6.65,7.86,15.55
2020-02-20,20.27,9.66,6.61,8.23,14.95
2020-02-21,18.31,11.28,6.62,8.87,16.09
2020-02-22,19.54,5.23,6.89,8.51,16.65
2020-02-23,20.88,21.26,7.15,8.66,16.96
2020-02-24,20.9,7.55,7.11,7.98,15.81
2020-02-25,20.8,7.98,6.44,8.99,15.8
2020-02-26,20.14,7.85,7.34,8.58,16.39
2020-02-27,21.41,7.94,6.92,8.15,16.56
2020-02-28,21.69,18.43,7.41,8.93,16.34
2020-02-29,23.5,11.43,6.79,8.76,16.35
2020-03-01,20.35,6.01,6.54,8.07,15.75
2020-03-02,20.21,5.58,6.99,9.01,16.45
2020-03-03,19.68,14.11,7.07,9.51,16.94
2020-03-04,20.65,16.63,6.54,8.24,15.64
2020-03-05,19.8,20.76,7.44,9.24,16.29
2020-03-06,22.97,6.08,6.65,8.91,16.53
2020-03-07,23.65,9.1,6.49,8.56,16.72
2020-03-08,22.01,8.78,6.82,7.86,15.95
2020-03-09,19.05,5.83,6.85,9.15,16.74
2020-03-10,21.07,9.76,7.24,8.3,16.99
2020-03-11,19.11,8.7,6.74,9.2,16.55
2020-03-12,21.37,8.8,7.26,8.71,16.16
2020-03-13,25.28,16.77,7.64,8.23,15.25
2020-03-14,21.54,14.75,7.18,8.64,16.4
2020-03-15,22.85,5.4,6.73,8.8,17.54
2020-03-16,20.05,6.54,6.42,8.52,16.82
2020-03-17,26.04,7.27,7.06,7.91,16.45
2020-03-18,24.46,295.65,6.79,7.67,21.78
2020-03-19,24.87,17.68,6.96,8.67,15.76
2020-03-20,23.2,25.07,6.58,8.93,16.48
2020-03-21,22.76,9.89,6.56,7.81,16.37
2020-03-22,27.08,5.7,6.98,6.84,16.22
2020-03-23,24.51,8.63,7.33,7.76,16.44
2020-03-24,23.71,5.93,6.96,8.6,16.88
2020-03-25,23.49,10.69,7.48,6.64,20.03
2020-03-26,25.86,11.2,7.6,8.35,17.14
2020-03-27,28.4,8.58,7.06,7.86,16.62
2020-03-28,22.05,6.35,6.51,7.92,16.91
2020-03-29,27.84,8.82,7.27,6.84,16.0
2020-03-30,24.3,26.51,6.85,8.5,16.87
2020-03-31,21.15,22.0,6.86,8.41,17.66
2020-04-01,23.96,10.11,7.15,8.57,16.4
2020-04-02,24.08,13.64,7.0,7.74,16.9
2020-04-03,25.17,6.54,7.06,8.03,16.66
2020-04-04,25.5,8.86,7.51,7.16,16.44
2020-04-05,23.41,14.23,6.92,7.88,16.47
2020-04-06,28.65,7.26,7.09,8.46,16.48
2020-04-07,24.54,22.65,6.79,7.77,16.63
2020-04-08,23.5,23.81,6.66,7.74,17.11
2020-04-09,25.43,11.42,6.94,7.82,16.33
2020-04-10,24.6,5.49,7.21,7.63,16.01
2020-04-11,27.1,7.39,6.61,7.71,15.57
2020-04-12,26.57,5.34,6.9,7.82,17.16
2020-04-13,27.09,13.53,6.76,8.44,16.61
2020-04-14,28.24,17.69,7.18,8.39,15.68
2020-04-15,28.33,81.32,7.3,7.18,17.3
2020-04-16,28.59,5.53,6.71,7.11,16.51
2020-04-17,28.68,13.62,6.59,8.05,16.29
2020-04-18,30.25,5.82,6.96,7.01,15.5
2020-04-19,27.96,5.06,6.92,7.87,15.53
2020-04-20,25.95,9.02,6.74,7.87,16.25
2020-04-21,30.89,6.66,6.52,6.22,15.37
2020-04-22,28.74,34.69,6.76,7.82,17.36
2020-04-23,27.77,13.02,7.38,6.82,16.03
2020-04-24,27.66,5.84,6.65,8.6,14.87
2020-04-25,28.79,5.61,7.01,7.66,16.54
2020-04-26,25.08,7.12,6.76,8.16,16.42
2020-04-27,30.68,6.78,7.18,8.17,15.78
2020-04-28,30.73,17.83,6.59,7.44,15.49
2020-04-29,31.41,23.1,6.65,8.41,16.09
2020-04-30,28.36,20.08,6.87,8.21,16.64
2020-05-01,28.04,21.04,7.24,8.1,16.95
2020-05-02,28.44,15.08,6.84,7.69,16.59
2020-05-03,30.65,5.22,6.94,7.72,15.48
2020-05-04,29.86,18.14,6.68,7.9,16.16
2020-05-05,30.07,8.55,7.05,7.58,15.27
2020-05-06,26.11,18.48,7.34,7.91,16.25
2020-05-07,30.83,13.65,6.71,7.17,15.56
2020-05-08,28.49,19.98,6.78,8.2,14.82
2020-05-09,29.03,8.08,7.07,6.94,15.22
2020-05-10,31.45,5.21,7.04,6.63,15.37
2020-05-11,33.26,18.56,7.08,7.38,15.02
2020-05-12,29.79,16.1,6.95,7.2,15.46
2020-05-13,27.84,7.69,7.11,8.12,15.62
2020-05-14,25.41,13.33,6.98,8.09,15.55
2020-05-15,33.5,19.88,6.98,7.16,16.83
2020-05-16,30.24,13.88,7.11,7.63,15.26
2020-05-17,29.01,6.47,6.61,8.25,14.56
2020-05-18,30.49,15.12,6.74,7.67,14.63
2020-05-19,29.42,8.16,7.29,7.75,14.73
2020-05-20,29.85,6.28,6.93,8.29,14.7
2020-05-21,28.32,16.27,7.14,7.49,16.01
2020-05-22,31.24,8.85,7.16,7.9,14.86
2020-05-23,31.75,6.19,6.57,7.94,15.72
2020-05-24,30.67,9.97,6.77,7.13,14.6
2020-05-25,34.72,84.9,6.91,6.97,16.52
2020-05-26,32.43,12.12,6.98,7.46,14.95
2020-05-27,32.94,12.21,7.09,6.7,14.18
2020-05-28,30.3,9.96,,7.65,15.44
2020-05-29,32.13,66.6,6.6,7.02,15.57
2020-05-30,29.51,101.92,7.44,8.14,16.98
2020-05-31,30.53,103.49,7.1,7.41,16.41
2020-06-01,29.54,111.01,6.26,7.34,17.12
2020-06-02,33.36,71.49,7.54,6.19,16.63
2020-06-03,36.65,103.94,7.06,6.78,16.14
2020-06-04,33.96,76.34,7.1,7.43,16.03
2020-06-05,32.76,159.91,7.28,7.36,17.68
2020-06-06,32.28,82.0,6.77,7.21,16.81
2020-06-07,34.77,51.54,6.8,6.84,16.35
2020-06-08,30.9,64.91,7.05,7.79,16.44
2020-06-09,34.03,78.4,6.41,6.51,16.84
2020-06-10,32.47,133.92,6.78,7.64,18.14
2020-06-11,30.11,159.61,7.75,7.74,18.0
2020-06-12,31.35,150.0,7.63,7.22,18.79
2020-06-13,31.69,83.52,6.8,7.31,16.53
2020-06-14,37.88,88.76,7.65,6.24,15.83
2020-06-15,32.86,59.65,6.47,7.98,15.3
2020-06-16,31.84,320.73,7.46,7.28,21.41
2020-06-17,33.63,173.84,7.13,7.07,18.1
2020-06-18,32.6,138.39,7.39,7.24,17.0
2020-06-19,30.4,72.17,6.91,7.18,16.51
2020-06-20,35.74,92.08,6.98,7.63,16.79
2020-06-21,31.71,108.45,7.59,7.52,16.77
2020-06-22,34.5,50.64,6.77,7.41,15.36
